ss_id	ss_name	ss_lat	ss_long
2	Завод Электрощит	53.381994	50.166450
3	пос.Южный	53.372294	50.177035
4	Развилка	53.370268	50.188537
5	Дома ЭМО	53.365598	50.197635
6	31 км	53.355974	50.209239
7	4-й квартал	53.349778	50.216014
8	пос.Управленческий	53.346457	50.218224
9	7-й участок	53.346606	50.230318
10	Горелый Хутор	53.332339	50.255571
11	пос.Озерки	53.314064	50.272177
12	Пансионат	53.307685	50.278013
13	СПТУ-50	53.303375	50.282002
14	Мехзавод	53.299319	50.285609
15	ул.Совхозная	53.292765	50.285330
16	19 км	53.286340	50.283238
17	ТРК Московский	53.278585	50.271699
18	18 км	53.276464	50.267437
19	ул.Алма-Атинская	53.270810	50.256929
20	16 км	53.263915	50.244132
21	ул.Ташкентская	53.260456	50.237909
22	ул.Георгия Димитрова	53.255346	50.229449
23	Ипподром	53.250300	50.221049
24	7-й микрорайон	53.246879	50.215553
25	ул.Ново-Вокзальная	53.242144	50.208694
26	11-й микрорайон	53.240030	50.206093
27	Завод Тарасова	53.236789	50.202053
28	Телецентр	53.227751	50.193889
29	ул.Потапова	53.221701	50.189922
30	Автовокзал Центральный	53.218156	50.187446
31	Аэрокосмический университет	53.213004	50.180558
32	ул.Революционная	53.209721	50.175016
33	Станция метро Московская	53.203922	50.162179
34	ул.Киевская	53.203330	50.147741
35	Площадь Памяти	53.202439	50.137042
36	Сквер Мичурина	53.199297	50.130529
37	Губернский рынок	53.194078	50.123089
38	ЦУМ Самара-Пригородный автовокзал	53.192697	50.122152
39	Поликлиника(Железнодорожный вокзал)	53.187368	50.118611
40	Железнодорожный вокзал	53.186764	50.119051
42	ЦУМ Самара-Пригородный автовокзал	53.191157	50.124389
43	Губернский рынок	53.195850	50.126245
44	Сквер Мичурина	53.199276	50.130360
45	Площадь Памяти	53.201999	50.136436
46	ул.Киевская	53.203257	50.147828
47	Станция метро Московская	53.203704	50.161647
48	Аэрокосмический университет	53.212945	50.180826
49	Автовокзал Центральный	53.218110	50.187739
50	ул.Потапова	53.221688	50.190032
51	Телецентр	53.228744	50.194656
52	Завод Тарасова	53.236928	50.202359
53	11-й микрорайон	53.240084	50.206296
54	ул.Ново-Вокзальная	53.243723	50.210862
55	7-й микрорайон	53.247389	50.216513
56	пр.Кирова	53.252181	50.224399
57	ул.Георгия Димитрова	53.256408	50.231391
58	ул.Ташкентская	53.260427	50.238059
59	16 км	53.264337	50.245119
60	ул.Алма-Атинская	53.270778	50.257025
61	18 км	53.275523	50.266061
62	ТРК Московский	53.278816	50.272708
63	19 км	53.287225	50.283662
64	ул.Совхозная	53.293661	50.285746
65	Мехзавод	53.298964	50.287693
66	СПТУ-50	53.303772	50.282262
67	Пансионат	53.307876	50.278123
68	пос.Озерки	53.314177	50.272405
69	Горелый Хутор	53.332646	50.255480
70	7-й участок	53.346689	50.230565
71	пос.Управленческий	53.346550	50.218648
72	4-й квартал	53.349842	50.216127
73	31 км	53.356041	50.209341
74	Дома ЭМО	53.365914	50.196835
75	Развилка	53.370438	50.188323
76	пос.Южный	53.372214	50.177739
77	Завод Электрощит	53.381994	50.166847
78	Автостанция Красная Глинка	53.384748	50.168821
79	ул.Революционная	53.209482	50.174882
80	Автостанция Красная Глинка	53.384613	50.169362
81	Северное трамвайное депо	53.233444	50.206083
82	10-й микрорайон	53.235552	50.210768
83	ул.Ново-Вокзальная	53.237827	50.215642
84	ул.Стара-Загора	53.235084	50.220298
85	пр.Карла Маркса	53.231808	50.224727
86	ул.Нагорная	53.226432	50.231818
87	ул.Ставропольская	53.223613	50.234722
88	Школа	53.219804	50.227516
89	ул.XXII Партсъезда	53.216675	50.222355
90	ул.Вольская	53.211593	50.228782
91	Станция метро Победа	53.206221	50.235638
92	ул.Красных Коммунаров	53.204062	50.238341
93	Заводское шоссе	53.195899	50.247863
94	Госбанк	53.199281	50.257299
95	ул.Кабельная	53.202494	50.265088
96	ОАО Моторостроитель	53.205874	50.273403
97	Авиагородок	53.209402	50.281997
99	Юнгородок	53.213005	50.286347
100	Авиагородок	53.209478	50.281669
101	ОАО Моторостроитель	53.206054	50.273500
102	ул.Кабельная	53.202405	50.264657
103	Госбанк	53.199454	50.257482
104	Заводское шоссе	53.196054	50.247944
105	ул.Красных Коммунаров	53.204039	50.238596
106	Станция метро Победа	53.206326	50.235673
107	ул.Вольская	53.211760	50.228804
108	ул.Ставропольская	53.216649	50.222634
109	Школа	53.219829	50.227956
110	ул.Ставропольская (ул.Ново-Вокзальная)	53.223563	50.234908
111	ул.Нагорная	53.226949	50.231309
112	пр.Карла Маркса	53.231768	50.224901
113	ул.Стара-Загора	53.234789	50.220829
114	ул.Фадеева	53.237852	50.215524
115	10-й микрорайон	53.236250	50.212016
116	Северное трамвайное депо	53.233502	50.205911
120	14-й микрорайон	53.254399	50.232562
121	14-й микрорайон	53.254546	50.232676
122	Универсам	53.251716	50.237175
123	Универсам	53.251324	50.238192
124	ТЦ Колизей	53.247947	50.246235
125	ТЦ Колизей	53.248005	50.245839
126	Рынок - 15-й микрорайон	53.244079	50.252007
127	Рынок - 15-й микрорайон	53.244699	50.253732
128	пр.Карла Маркса	53.245466	50.258208
129	пр.Карла Маркса	53.246135	50.256958
130	15-й А микрорайон	53.249007	50.266038
131	15-й А микрорайон	53.249642	50.264678
132	ТЦ Колизей	53.248820	50.248966
133	ТЦ Колизей	53.249304	50.249756
134	15-й микрорайон	53.250740	50.252843
135	15-й микрорайон	53.250926	50.253700
136	Дачи	53.255120	50.263049
137	Дачи	53.255766	50.263939
138	ТЭЦ	53.251934	50.267687
140	ул.Красных Коммунаров	53.203344	50.238175
141	СТД	53.234449	50.208614
142	станция 10	53.234251	50.208061
143	Железнодорожный вокзал	53.187058	50.121538
144	ул.Чкалова	53.197703	50.127536
145	Выставочный центр Экспо-Волга	53.206386	50.145969
146	пр.Масленникова	53.210562	50.155077
147	Клиники Медуниверситета	53.204897	50.163558
148	Ипподром	53.250190	50.221189
149	Московское шоссе	53.249769	50.224000
150	13-й микрорайон	53.246746	50.227841
151	13-й микрорайон	53.246893	50.227894
152	ул.Стара-Загора	53.242916	50.232738
153	ул.Стара-Загора	53.243186	50.232588
154	Шоколадная фабрика	53.239728	50.236778
155	Шоколадная фабрика	53.239802	50.236949
156	Кинотеатр Огонек	53.237349	50.239825
157	Кинотеатр Огонек	53.236730	50.240796
158	ул.Черемшанская	53.233586	50.244578
159	ул.Черемшанская	53.234126	50.244116
160	ул.Ставропольская	53.229428	50.249872
161	ул.Ставропольская	53.229515	50.249974
162	Ремесленный пер.	53.226172	50.254207
163	Ремесленный пер.	53.226001	50.254877
164	ул.Севастопольская	53.225965	50.260636
165	ул.Севастопольская	53.226267	50.261006
166	ул.Советская	53.228969	50.267172
167	ул.Советская	53.228962	50.266877
168	ул.Пугачевская	53.230908	50.271367
169	ул.Пугачевская	53.231017	50.271223
170	Площадь им.П.П.Мочалова	53.233133	50.276399
171	Площадь им.П.П.Мочалова	53.233317	50.275782
172	Дом Одежды	53.236825	50.278595
173	Дом Одежды	53.236867	50.277903
174	Завод Металлург	53.240754	50.280643
175	Московское шоссе	53.250134	50.223893
176	Клиники Медуниверситета	53.205113	50.164958
177	ул.Мичурина	53.210880	50.155377
178	Выставочный центр Экспо-Волга	53.207090	50.147176
179	ул.Буянова	53.198462	50.126609
180	Поликлиника	53.187831	50.118847
181	Губернский рынок	53.194369	50.123306
182	9-й микрорайон	53.225814	50.211042
183	9-й микрорайон	53.225602	50.210966
184	Кинотеатр Шипка	53.229654	50.208955
185	Кинотеатр Шипка	53.230264	50.210125
186	10-й микрорайон	53.231314	50.212592
187	10-й микрорайон	53.231934	50.213783
188	ул.Ново-Вокзальная	53.234333	50.219223
189	ул.Ново-Вокзальная	53.234153	50.218665
190	пр.Карла Маркса	53.231684	50.224689
191	пр.Карла Маркса	53.231970	50.224775
192	ул.Нагорная	53.226456	50.231615
193	ул.Нагорная	53.227148	50.231171
194	ул.Ставропольская	53.223431	50.234704
195	ул.Ставропольская	53.223610	50.235144
196	пр.Юных Пионеров	53.220489	50.231142
197	ул.Ставропольская	53.220611	50.231228
198	ул.Александра Матросова	53.216345	50.237129
199	ул.Александра Матросова	53.216988	50.237741
200	ул.Ново-Вокзальная	53.219242	50.243416
201	ул.Ново-Вокзальная	53.219152	50.242515
202	Безымянский рынок	53.220161	50.250916
203	Безымянский рынок	53.219050	50.249317
204	Губернский рынок	53.195873	50.126384
205	ул.Победы	53.216429	50.256977
206	ул.Воронежская	53.216602	50.256377
207	Площадь им. Кирова	53.218651	50.263393
209	Станция метро Кировская	53.210338	50.273478
210	Станция метро Кировская	53.210421	50.273875
211	ОАО Гидроавтоматика	53.211588	50.287480
212	Юнгородок	53.212991	50.292039
213	Площадь им. Кирова	53.218960	50.261505
214	Площадь им.Кирова	53.218677	50.264080
215	Автостанция Вольская	53.224540	50.254298
216	Автостанция Вольская	53.225098	50.256218
217	ул.Воронежская	53.222329	50.249407
218	ул.Воронежская	53.221963	50.249384
219	Клуб Победа	53.223778	50.257039
220	Клуб Победа	53.223900	50.257168
223	Площадь им. Кирова	53.218576	50.260628
224	ул.Ульяновская	53.195441	50.123360
225	сквер Калинина	53.215573	50.253634
226	Автовокзал Центральный	53.214781	50.187764
227	Дом Печати	53.213116	50.189136
228	ул.Антонова-Овсеенко	53.209868	50.189291
229	ул.Дыбенко	53.204949	50.189710
230	ул.Гагарина	53.200110	50.190110
231	ул.Мориса Тореза	53.196296	50.190416
232	Автостанция Аврора	53.190352	50.190988
233	ул.Балаковская	53.184656	50.191422
234	Ясский пер.	53.180512	50.191698
236	Сельхозярмарка	53.130697	50.172088
237	Совхоз Кряж	53.130157	50.151227
238	ул.Омская	53.132779	50.132341
239	ул.Уральская	53.133703	50.124058
240	Кряж	53.135570	50.102561
241	Ильинская церковь	53.132641	50.097349
242	ул.Войкова	53.129895	50.093073
243	Заготзерно	53.125652	50.089418
244	Гастроном	53.121877	50.087540
245	ул.Бакинская	53.118908	50.085011
246	ул.Зеленая	53.119585	50.079909
247	Торговый пер.	53.119253	50.073681
248	ул.Калининградская	53.117273	50.068901
249	ул.Грозненская	53.115204	50.063887
250	ул.Фасадная	53.111794	50.066559
251	ул.40 лет Пионерии	53.107565	50.071269
252	ул.Егорова	53.107171	50.079875
253	Молодежный пер.	53.114452	50.075647
254	ул.Медицинская	53.116352	50.080367
255	ул.Бакинская	53.118052	50.085013
256	Гастроном	53.122138	50.087966
257	Заготзерно	53.126078	50.089922
258	ул.Войкова	53.129129	50.092231
259	Ильинская церковь	53.132299	50.097132
260	Кряж	53.135861	50.104739
261	ул.Уральская	53.133626	50.123881
262	ул.Омская	53.132618	50.132609
263	Совхоз Кряж	53.129756	50.152149
264	Сельхозярмарка	53.131411	50.172818
266	Ясский пер.	53.180634	50.192020
267	ул.Балаковская	53.184568	50.191668
268	Автостанция Аврора	53.192244	50.191035
269	ул.Мориса Тореза	53.194031	50.190885
270	ул.Гагарина	53.202340	50.190149
271	ул.Дыбенко	53.205964	50.189849
272	ул.Антонова-Овсеенко	53.210367	50.189512
273	Дом Печати	53.213164	50.189372
274	Автовокзал Центральный	53.215060	50.187768
275	Автошкола	53.104782	50.074423
276	ул.Калининградская	53.108704	50.078538
277	пос.Озерный	53.147334	50.139137
278	ул.Снежная	53.141693	50.131523
279	пос.Водников	53.137394	50.124936
280	Заправка	53.135432	50.118069
281	Заправка	53.135458	50.117072
282	пос.Водников	53.137013	50.124389
283	Кирзавод	53.147491	50.135804
284	Совхоз Кряж (ул.Центральная)	53.138679	50.149780
285	Совхоз Кряж (ул.Поселковая)	53.137001	50.154895
286	Совхоз Кряж (ул.Центральная)	53.138578	50.149505
287	Совхоз Кряж (ул.Поселковая)	53.136828	50.155007
288	пос.Озерный	53.146860	50.140385
289	Кирзавод	53.147285	50.136169
290	ул.Снежная	53.142431	50.132700
291	ул.Партизанская	53.187303	50.191212
292	ул.Партизанская	53.187264	50.191427
293	ул.Грозненская	53.103224	50.077086
294	ул.40 лет Пионерии	53.107729	50.071417
295	ул.Фасадная	53.111014	50.067705
296	Нефтебаза	53.124800	50.057762
297	Пожарное депо	53.127217	50.052016
298	Дачи	53.135544	50.050713
299	Очистные сооружения	53.140789	50.063716
300	Магазин	53.146717	50.068383
301	ул.Обувная	53.151321	50.068785
302	ул.Белорусская	53.149022	50.062466
303	Завод Нефтемаш	53.147648	50.057322
304	Универсам	53.145090	50.050723
305	Школа № 55	53.143007	50.041582
306	Дачная	53.144703	50.030119
307	пос.Сухая Самарка	53.149247	50.024938
308	Дачная	53.144416	50.030526
309	Школа № 55	53.142858	50.042333
310	Универсам	53.144839	50.050718
311	Завод Нефтемаш	53.147880	50.058566
312	ул.Белорусская	53.149183	50.063582
313	ул.Обувная	53.151073	50.068952
314	Магазин	53.146127	50.067927
315	Очистные сооружения	53.141054	50.063882
316	Дачи	53.135157	50.050090
317	Пожарное депо	53.127459	50.051415
318	Нефтебаза	53.124626	50.057686
319	ул.Нефтяников	53.111477	50.075357
320	ул.Нефтяников	53.111814	50.074618
322	116 км	53.115961	50.061308
323	завод Минвата	53.113156	50.053857
324	Конструкторская	53.104893	50.038434
325	113 км	53.102488	50.035273
326	Конструкторская	53.104751	50.038493
327	завод Минвата	53.112918	50.053599
328	116 км	53.115629	50.061683
329	Клуб Знамя	53.172256	50.191799
330	ул.Волгина	53.191537	50.184721
331	Дом Молодежи	53.191402	50.179903
332	ул.Мориса Тореза	53.195837	50.178997
333	ул.Гагарина	53.198617	50.178761
334	Мехзавод № 1	53.204407	50.178364
335	ул.Гаражная	53.207383	50.176636
336	Московское шоссе	53.208827	50.173391
337	ул.Мичурина	53.211402	50.155538
338	КРЦ Звезда	53.215870	50.147143
339	ул.Челюскинцев	53.210531	50.140861
340	Площадь Героев 21-й Армии	53.208073	50.136017
341	ул.Первомайская	53.205085	50.129596
342	ул.Полевая	53.203733	50.126694
343	Площадь Сельского хозяйства	53.204732	50.122499
344	Самарская площадь	53.201602	50.115557
345	ул.Ульяновская	53.198174	50.108937
346	ул.Красноармейская	53.192797	50.105231
347	ул.Льва Толстого	53.189332	50.102865
348	ул.Высоцкого	53.186841	50.099212
349	ул.Льва Толстого	53.189191	50.102945
350	ул.Красноармейская	53.191903	50.104823
351	ул.Вилоновская	53.197004	50.108299
352	Самарская площадь	53.201143	50.114801
353	Площадь Сельского хозяйства	53.204928	50.123228
354	пр.Ленина	53.203620	50.127085
355	ул.Первомайская	53.204629	50.129274
356	Площадь Героев 21-й Армии	53.207360	50.135153
357	ул.Челюскинцев	53.210004	50.140389
358	КРЦ Звезда	53.215722	50.147164
359	ул.Мичурина	53.211482	50.155254
360	ул.Революционная	53.208160	50.175446
361	Мехзавод № 1	53.204208	50.178171
362	ул.Гагарина	53.198336	50.178254
363	ул.Мориса Тореза	53.195913	50.178436
364	Дом Молодежи	53.191613	50.178758
365	ул.Волгина	53.191381	50.183323
366	Хлебная площадь	53.179587	50.079612
367	Площадь Революции	53.185077	50.088273
368	ул.Молодогвардейская	53.183756	50.094613
369	Троицкий рынок	53.184659	50.099871
370	ул.Садовая	53.184653	50.102639
371	Переезд	53.182033	50.110138
372	Амбулаторная	53.183473	50.115449
373	Перекидной мост	53.183165	50.121972
374	ул.Восточная	53.183104	50.125276
375	ул.Ново-Советская	53.182891	50.129992
376	ул.Железноводская	53.181724	50.134696
377	ул.Тоцкая	53.179667	50.139465
378	Магазин № 5	53.178535	50.143864
379	пос.Шмидта	53.176286	50.150718
380	Магазин № 5	53.178583	50.144041
381	ул.Тоцкая	53.179744	50.139245
382	ул.Железноводская	53.181763	50.134895
383	ул.Ново-Советская	53.182962	50.129842
384	ул.Восточная	53.183177	50.125652
385	Перекидной мост	53.183357	50.121189
386	Амбулаторная	53.183605	50.115669
387	Переезд	53.182129	50.110063
388	ул.Садовая	53.185251	50.100638
389	Троицкий рынок	53.184431	50.099527
390	ул.Молодогвардейская	53.184039	50.094018
391	Площадь Революции	53.185093	50.086942
392	ул.Буянова	53.187275	50.115053
393	Стадион Динамо	53.188679	50.109275
394	Театр Кукол	53.189910	50.104131
395	ул.Молодогвардейская	53.190929	50.099855
396	ул.Молодогвардейская	53.191202	50.098407
397	Филармония	53.192070	50.095156
398	Филармония	53.192221	50.093997
399	Дом Промышленности	53.194272	50.093498
400	Дом Промышленности	53.194172	50.093203
401	Иверский монастырь	53.200380	50.098723
402	Иверский монастырь	53.201300	50.100585
403	Гостиница Волга-Дом профсоюзов	53.205210	50.108857
404	Гостиница Волга-Дом профсоюзов	53.205956	50.110192
405	Кинотеатр Волна	53.208162	50.115412
406	Кинотеатр Волна	53.208497	50.115991
407	ул.Первомайская	53.211114	50.122058
408	ул.Первомайская	53.211212	50.122053
409	Октябрьская набережная	53.215195	50.132251
410	ул.Соколова	53.213518	50.141810
411	ул.Челюскинцев	53.212044	50.139010
412	Дворец Пионеров	53.196512	50.094834
413	Театр Кукол	53.189848	50.103915
414	Стадион Динамо	53.188804	50.108287
415	ул.Буянова	53.187280	50.114595
416	Станция метро Гагаринская	53.200380	50.175303
417	Клиники Медуниверситета	53.200116	50.166575
418	Клиники Медуниверситета	53.199927	50.167283
419	ул.Тухачевского	53.197536	50.157681
420	ул.Тухачевского	53.197359	50.157751
421	ул.Арцыбушевская	53.201103	50.128917
422	Площадь Сельского хозяйства	53.205771	50.123092
423	Площадь Сельского хозяйства	53.204794	50.123956
424	Дворец Спорта	53.205719	50.117980
425	Дворец Спорта	53.205925	50.118999
426	Самарская площадь	53.202741	50.111355
427	Самарская площадь	53.202625	50.111452
428	ул.Ульяновская	53.200754	50.106850
429	ул.Ульяновская	53.199443	50.104979
430	Площадь Куйбышева	53.195698	50.099824
431	Площадь Куйбышева	53.196401	50.100535
432	ул.Некрасовская	53.189986	50.090418
433	ул.Некрасовская	53.190011	50.090718
434	Площадь Революции	53.185640	50.088744
435	ул.Арцыбушевская	53.201525	50.128120
436	Станция метро Гагаринская	53.200158	50.175879
437	Телецентр	53.227791	50.194111
438	Торговый городок	53.222839	50.200945
439	Торговый городок	53.222097	50.202174
440	Магазин	53.219396	50.205392
441	Магазин	53.219390	50.205693
442	Экономическая академия	53.216187	50.209475
443	Экономическая академия	53.215892	50.210081
444	ул.Советской Армии	53.212397	50.214598
445	ул.Советской Армии	53.212663	50.215226
446	Машиностроительный колледж	53.212660	50.219581
447	Машиностроительный колледж	53.212843	50.221110
448	ул.Вольская	53.211333	50.228961
449	ул.Вольская	53.211639	50.229143
451	Станция метро Победа	53.206243	50.235407
452	ул.Красных Коммунаров	53.204097	50.238175
454	Госбанк	53.199362	50.257881
455	ул.Кабельная	53.202537	50.265574
456	ОАО Моторостроитель	53.206243	50.275036
457	Заводское шоссе	53.206650	50.277665
458	Заводское шоссе	53.206746	50.278255
459	Профтехучилище	53.204124	50.280519
460	Профтехучилище	53.203970	50.281410
461	Проходная ОАО Моторостроитель	53.202481	50.282460
462	Проходная ОАО Моторостроитель	53.202294	50.283287
463	ул.Береговая	53.199460	50.285894
464	ул.Береговая	53.199034	50.287031
466	Завод Экран	53.195719	50.290667
467	ул.XXII Партсъезда	53.213218	50.229543
468	ул.Пугачевская	53.228852	50.274215
469	Парк Гагарина	53.225288	50.198167
470	Завод Экран	53.195700	50.290287
471	ул.XXII Партсъезда	53.213111	50.230105
472	ул.Калинина	53.220974	50.247389
473	Автостанция Вольская	53.224501	50.256047
474	Клуб Мир	53.207070	50.275440
475	ул.Кабельная	53.202565	50.264807
476	Госбанк	53.199468	50.257292
477	Станция метро Победа	53.206463	50.235721
478	ул.Ивана Булкина	53.211723	50.192744
479	ул.Ивана Булкина	53.211898	50.194371
480	ул.Карбышева	53.211938	50.201499
481	ул.Карбышева	53.212169	50.201977
482	Педуниверситет	53.212219	50.209933
483	Педуниверситет	53.212351	50.210078
484	Телецентр	53.229170	50.192946
485	Телецентр	53.228547	50.193558
486	ул.Красных Коммунаров	53.204141	50.238617
487	Кинотеатр Самара	53.247333	50.241057
488	Кинотеатр Самара	53.247012	50.239603
489	пр.Кирова	53.244887	50.232892
490	пр.Кирова	53.245061	50.233617
491	Поликлиника № 6	53.243308	50.229540
492	Поликлиника № 6	53.243324	50.229894
493	ул.Воронежская	53.238556	50.227050
494	ул.Воронежская	53.239109	50.227501
495	Магазин Мебель	53.228248	50.205590
496	Магазин Мебель	53.228124	50.205762
497	Парк Гагарина	53.225932	50.200950
498	Химчистка	53.201962	50.144269
499	Химчистка	53.201917	50.144473
500	ул.Клиническая	53.199680	50.138846
501	ул.Ново-Садовая	53.233120	50.187974
502	ул.Клиническая	53.198954	50.137398
503	ул.Владимирская-Международный институт рынка	53.197421	50.133685
504	ул.Владимирская-Международный институт рынка	53.196807	50.131757
505	ул.Ново-Садовая	53.233782	50.186804
506	Комплекс профилакториев	53.235280	50.184792
507	Комплекс профилакториев	53.234924	50.185023
508	ул.Степана Разина	53.181653	50.082038
509	ул.Киевская	53.203451	50.150523
510	Дачное управление	53.240655	50.177738
511	Дачное управление	53.240689	50.177435
512	Пионерлагерь Ракета	53.242981	50.174418
513	Пионерлагерь Ракета	53.242990	50.174147
514	Магазин	53.244578	50.173465
515	Магазин	53.244695	50.173328
516	НФС	53.247099	50.174099
518	Автостанция Вольская	53.225282	50.255416
519	Медтехника	53.187558	50.198344
520	Медтехника	53.187667	50.198012
521	ул.Партизанская	53.187352	50.205967
522	ул.Партизанская	53.186998	50.205769
523	ул.Витебская	53.185516	50.203108
524	ул.Витебская	53.184497	50.201933
525	ул.Каменногорская	53.182929	50.199224
526	ул.Каменногорская	53.182045	50.198178
527	ул.Авроры	53.179187	50.191371
528	ул.Авроры	53.179630	50.193382
529	Сельхозтехника	53.177955	50.187092
530	Сельхозтехника	53.177653	50.186770
531	ул.Луганская	53.175528	50.179070
532	ул.Луганская	53.175451	50.179279
533	ул.Уфимская	53.174017	50.173942
534	ул.Уфимская	53.173862	50.173872
535	Школа № 18	53.175856	50.170836
536	Школа № 18	53.175248	50.171013
537	Магазин	53.178193	50.168863
538	Магазин	53.178026	50.168703
539	Автосервис	53.181556	50.165065
540	Автосервис	53.182845	50.163256
541	Кинотеатр Искра	53.185799	50.159812
542	Шиноремонтный завод	53.184443	50.156438
543	Шиноремонтный завод	53.184311	50.156545
544	ул.Горная	53.184475	50.149509
545	ул.Горная	53.184649	50.148756
546	ул.Пятигорская	53.186615	50.139456
547	ул.Пятигорская	53.186709	50.138805
548	ул.Красноармейская	53.189589	50.130635
549	Крымская площадь	53.189502	50.130914
550	Железнодорожный вокзал	53.188159	50.122685
551	Железнодорожный вокзал	53.187762	50.123867
552	Железнодорожный вокзал (стоянка)	53.187009	50.118634
553	Поликлиника (высадка)	53.187367	50.118558
554	Автостанция Аврора	53.191668	50.188985
555	Автостанция Аврора	53.191565	50.190154
556	ул.Осипенко (Ст.м.Алабинская)	53.210045	50.132653
557	ул.Спортивная	53.188451	50.122565
558	ОАО Гидроавтоматика	53.212121	50.287984
559	ул.Стара-Загора	53.228022	50.207782
560	Соборная мечеть	53.229731	50.206159
561	Парк Гагарина	53.229535	50.205875
562	ул.Фадеева	53.232021	50.201036
563	ул.Фадеева	53.231616	50.201787
564	Московское шоссе	53.242231	50.210799
565	Московское шоссе	53.242763	50.210756
566	ул.Фадеева	53.238538	50.215471
567	ул.Фадеева	53.238599	50.215906
568	ул.Стара-Загора	53.235100	50.220007
569	Кинотеатр Юность	53.216718	50.243074
570	Кинотеатр Юность	53.217951	50.242345
571	Станция метро Безымянка	53.212362	50.247098
572	Станция метро Безымянка	53.213390	50.248120
573	ул.Александра Матросова	53.210338	50.242774
574	ул.Александра Матросова	53.210743	50.244534
575	ул.Средне-Садовая	53.208365	50.238407
576	ул.Средне-Садовая	53.208648	50.240049
578	ул.Стара-Загора	53.234783	50.221040
579	Военный городок 2	53.106069	50.134963
580	Строительная	53.112141	50.129161
581	Строительная	53.112025	50.128539
582	Военный городок 1	53.116558	50.124247
583	Военный городок 1	53.116429	50.123689
584	ул.Дорожная	53.118825	50.121586
585	ул.Дорожная	53.118207	50.121586
586	Дачная	53.122508	50.117424
587	Дачная	53.121890	50.117488
588	Кряжский РМЗ	53.128804	50.110450
589	Кряжский РМЗ	53.128238	50.110343
591	Кряж	53.135306	50.104503
592	ул.Бакинская	53.117608	50.085398
593	ул.Нефтяников	53.115013	50.084057
594	ул.Егорова	53.108006	50.080130
595	Поликлиника	53.223313	50.206950
596	Поликлиника	53.223179	50.206966
597	9-й микрорайон	53.225686	50.211401
598	Больница	53.125876	50.174241
599	Больница	53.126063	50.174563
600	Кладбище Песчаная Глинка	53.123320	50.195205
601	Кладбище Песчаная Глинка	53.123500	50.193403
602	Трудовой лагерь Прогресс	53.123336	50.208158
603	Трудовой лагерь Прогресс	53.123706	50.207414
604	Поворот на Рубежное	53.115484	50.223969
605	Поворот на Рубежное	53.115857	50.223926
606	Кладбище Рубежное	53.116939	50.229816
607	Кладбище Рубежное	53.116727	50.229248
608	Совхоз Рубежное	53.133910	50.235953
609	Сорокины Хутора	53.307682	50.236966
610	Сорокины Хутора	53.307938	50.237063
611	ул.Магистральная(пос.Сорокины Хутора)	53.295936	50.245109
612	ул.Магистральная(пос.Сорокины Хутора)	53.295872	50.245549
613	пос.Жигулевские Сады	53.285910	50.241384
614	18 км	53.276437	50.266363
615	Автостанция Аврора	53.191015	50.190479
616	Хлебная площадь	53.178994	50.079336
617	Хлебная площадь	53.178936	50.079573
618	ул.Кутякова	53.177377	50.074552
620	ул.Тракторная	53.167853	50.074399
621	ул.Тракторная	53.167911	50.074817
622	Хлебозавод № 3	53.165711	50.073358
623	Хлебозавод № 3	53.165518	50.074721
624	ул.Дарвина	53.164650	50.079323
625	ул.Дарвина	53.164823	50.080214
626	Ростовский пер.	53.163215	50.086973
627	Ростовский пер.	53.163569	50.086662
628	Совхоз Волгарь	53.154730	50.091876
629	Совхоз Волгарь	53.155464	50.091930
630	Казачий переезд	53.147267	50.095084
631	Казачий переезд	53.146971	50.095696
632	ул.4-я Кряжская	53.143148	50.097723
633	ул.4-я Кряжская	53.142852	50.098431
634	ул.1-я Кряжская	53.140342	50.100405
635	ул.1-я Кряжская	53.139924	50.101189
636	Кряж	53.136067	50.105005
637	ул.Князя Григория Засекина	53.176418	50.074313
638	Металлобаза	53.192954	50.251067
639	Металлобаза	53.192986	50.251389
640	Завод Строммашина	53.190865	50.253342
641	Завод Строммашина	53.191109	50.253685
642	ул.Кабельная	53.186790	50.258072
643	ул.Авроры	53.197009	50.190943
644	ул.Энтузиастов	53.197240	50.198834
645	ул.Энтузиастов	53.197320	50.198480
646	ул.Карбышева	53.197407	50.204161
647	ул.Карбышева	53.197487	50.203528
648	Техникум	53.197121	50.214257
649	Техникум	53.197057	50.214659
650	Проезд 9-го Мая	53.196629	50.220507
651	Проезд 9-го Мая	53.196848	50.220543
652	ул.Гагарина	53.201090	50.227405
653	ул.Гагарина	53.201932	50.229975
654	Станция метро Победа	53.206893	50.235951
655	Станция метро Безымянка	53.212627	50.248600
656	Дом Дружбы Народов	53.215229	50.254496
657	Дом Дружбы Народов	53.214995	50.252902
658	Площадь им.Кирова	53.220054	50.264345
659	ул.Юбилейная	53.222154	50.268878
660	ул.Юбилейная	53.222533	50.269441
661	Хлебозавод	53.225922	50.277262
662	Хлебозавод	53.225992	50.277074
663	Железнодорожный музей	53.224810	50.290491
664	Железнодорожный музей	53.224990	50.289203
665	Магазин	53.228793	50.296649
666	Магазин	53.228593	50.294782
668	ул.Магистральная	53.231355	50.305211
669	Развилка	53.234649	50.313805
670	Развилка	53.234521	50.313000
671	ул.Офицерская	53.237969	50.321894
672	ул.Офицерская	53.237918	50.321164
673	ул.Краснопресненская	53.239844	50.326347
674	ул.Краснопресненская	53.240673	50.327698
675	ул.Транзитная	53.243100	50.338513
676	ул.Транзитная	53.243343	50.338577
677	ул.Орловская	53.245828	50.346592
678	ул.Орловская	53.246213	50.347053
679	ул.Грибоедова	53.248062	50.353115
680	ул.Грибоедова	53.248608	50.353802
681	Пост ГИБДД	53.250842	50.359885
682	Пост ГИБДД	53.250341	50.358115
683	Трест № 90	53.252235	50.361698
684	Аэропорт-2	53.250609	50.368903
685	Площадь авиаконструктора Ильюшина	53.252327	50.221939
686	Ипподром	53.252475	50.221391
687	ул.Молодежная	53.256328	50.219820
688	ул.Молодежная	53.255748	50.218999
689	Приволжский микрорайон	53.259792	50.224696
690	ул.Зои Космодемьянской	53.260870	50.227582
691	Приволжский микрорайон	53.258666	50.225633
692	Московское шоссе	53.256692	50.229034
693	Московское шоссе	53.258855	50.232249
694	23 км	53.313698	50.293179
695	23 км	53.314842	50.293500
696	ул.Дмитрия Устинова	53.323339	50.307726
697	Бульвар Ивана Финютина	53.321815	50.312098
698	Бульвар Ивана Финютина	53.321425	50.311551
699	Храм в честь Сретения Господня	53.316772	50.303504
700	Храм в честь Сретения Господня	53.317124	50.303654
701	ул.Мира	53.311568	50.307836
702	ул.Мира	53.312815	50.307600
703	Микрорайон Крутые ключи	53.309470	50.309594
704	Завод ЖБИ	53.125758	50.054377
705	РЭБ	53.143462	50.037811
706	РЭБ	53.143481	50.036905
708	ул.Сельская	53.147393	50.027801
709	ул.Сельская	53.147213	50.027812
710	ТЦ МЕГА Леруа Мерлен	53.325072	50.307208
711	ТЦ  МЕГА ИКЕЯ	53.325046	50.303947
712	Речная	53.175451	50.152322
713	пос.Шмидта	53.176200	50.150554
714	ул.Алма-Атинская	53.247589	50.268900
715	ул.Алма-Атинская	53.247816	50.269029
716	Спецавтоцентр	53.244973	50.270100
717	Спецавтоцентр	53.245403	50.270304
718	Стадион Металлург	53.240602	50.274671
719	Стадион Металлург	53.240625	50.275425
720	Завод Металлург	53.239836	50.279335
721	Завод Металлург	53.240042	50.279442
722	Дом Быта	53.231928	50.276412
723	ул.Победы	53.227867	50.281096
724	ул.Свободы	53.230522	50.278719
725	ул.Елизарова	53.227591	50.280914
726	Барбошина поляна	53.259218	50.216593
727	ул.Молодежная	53.256379	50.218983
728	Восточный пос.	53.223863	50.287254
729	Восточный пос.	53.223689	50.288204
730	Приволжский микрорайон	53.258197	50.226182
731	ул.Псковская	53.213459	50.294523
732	Московское шоссе	53.256411	50.229235
733	Костромской пер.	53.214694	50.293287
734	ТЦ Колизей	53.247628	50.243735
735	Авиационный завод	53.211675	50.296554
736	Авиационный завод	53.212491	50.295872
737	ул.Революционная	53.200304	50.181804
738	ул.Ташкентская	53.246732	50.250538
739	Школьная	53.237179	50.308328
740	Школьная	53.237307	50.307430
741	Завод ЖБИ № 1	53.243416	50.309104
742	Завод ЖБИ № 1	53.243567	50.308272
743	Кинотеатр Луч	53.246678	50.309549
744	Кинотеатр Луч	53.246957	50.308777
745	ул.Чекистов	53.252991	50.310563
746	ул.Александра Невского	53.254493	50.311389
747	ул.Мелекесская	53.254859	50.314384
748	ул.Офицерская	53.254445	50.322483
749	ул.Офицерская	53.254535	50.323110
750	Дом Культуры	53.254140	50.329472
751	Дом Культуры	53.254272	50.329210
752	Площадь им.Кирова	53.219827	50.262359
753	Школа № 98	53.252629	50.338315
754	ул.Цеховая	53.247731	50.337728
755	ул.Транзитная	53.243654	50.337127
756	ул.Каховская	53.220643	50.265324
757	Автостанция Вольская	53.225262	50.255897
758	Станция метро Победа	53.206296	50.233872
759	ул.Гагарина	53.204188	50.229130
760	ул.Победы	53.203681	50.228969
761	Станция метро Советская	53.201791	50.222393
762	Станция метро Советская	53.201444	50.222543
763	ул.Советской Армии	53.201566	50.215580
764	ул.Советской Армии	53.201213	50.215011
765	ул.Карбышева	53.201245	50.204304
766	ул.Карбышева	53.200930	50.204432
767	Станция метро Спортивная	53.201097	50.198950
768	Станция метро Спортивная	53.200799	50.198966
769	ул.Авроры	53.200795	50.188865
770	ул.Авроры	53.200606	50.192136
771	ул.Революционная	53.200564	50.180228
772	ул.Полевая	53.201020	50.127893
773	ул.Ульяновская	53.196965	50.118441
774	ул.Ульяновская	53.196425	50.118055
775	ул.Братьев Коростелевых	53.190698	50.112390
776	ул.Галактионовская	53.192698	50.103885
777	ул.Галактионовская	53.192579	50.103810
778	Ильинская площадь	53.190640	50.113988
779	ул.Фрунзе	53.194442	50.096571
780	ул.Красноармейская	53.194106	50.095888
781	Филармония	53.192311	50.094494
782	Филармония	53.191729	50.094339
783	ул.Ленинградская	53.187785	50.091517
784	ул.Ленинградская	53.187940	50.091748
785	Площадь Революции	53.185298	50.088947
786	Площадь Революции	53.185223	50.088840
787	Сорокины Хутора	53.306685	50.230725
788	Сорокины Хутора	53.306659	50.231219
789	Кладбище Сорокины Хутора	53.295174	50.224942
790	Кладбище Сорокины Хутора	53.295418	50.225318
791	Дачи	53.291085	50.223827
792	Дачи	53.290500	50.224213
793	Пионерлагерь им.Гагарина	53.279409	50.228837
794	Пионерлагерь им.Гагарина	53.279686	50.229127
795	Турбаза Дубки	53.273088	50.224996
796	Турбаза Дубки	53.273442	50.225651
797	ул.Демократическая	53.267316	50.220365
798	ул.Демократическая	53.267500	50.220927
799	ул.Георгия Димитрова	53.263909	50.217773
800	ул.Георгия Димитрова	53.264715	50.218701
801	пр.Кирова	53.262221	50.216371
802	пр.Кирова	53.261991	50.216430
803	Барбошина поляна	53.258387	50.213029
804	Барбошина поляна	53.258435	50.213398
805	ТЦ Пирамида	53.254928	50.209944
806	ТЦ Пирамида	53.255038	50.210469
807	ул.Аминева	53.251525	50.206961
808	ул.Аминева	53.251184	50.207122
809	Солнечная	53.246005	50.202243
810	Солнечная	53.245768	50.202394
811	Детская больница	53.241221	50.198048
812	Детская больница	53.241716	50.198917
813	Завод Тарасова	53.237623	50.192759
814	Завод Тарасова	53.237791	50.194251
815	ДК Современник	53.232782	50.183414
816	ДК Современник	53.232859	50.184240
817	ЦПКиО	53.228321	50.175282
818	ЦПКиО	53.226441	50.174391
819	ул.Гастелло	53.230625	50.180764
820	Университет-Глазная больница	53.225217	50.170765
821	Университет-Глазная больница	53.223318	50.169628
822	Постников овраг	53.219869	50.163319
823	Постников овраг	53.219651	50.163319
824	ул.Николая Панова	53.219966	50.156152
825	ул.Николая Панова	53.219386	50.155342
826	Барбошина поляна	53.259972	50.216303
827	ул. Георгия Димитрова	53.264875	50.216979
828	ул. Сквозная	53.265054	50.209405
829	ул. Сквозная	53.264916	50.209373
830	Турбаза Волга	53.267836	50.199797
831	Турбаза Волга	53.267586	50.200028
832	Автошкола	53.270393	50.195892
833	Автошкола	53.270525	50.195490
834	Санаторий  Самарский	53.274753	50.190978
835	Санаторий  Самарский	53.275029	50.190474
837	СЗКС	53.193052	50.274536
838	41 км	53.393715	50.155159
839	41 км	53.393875	50.154601
840	Холодильник № 2	53.403413	50.147134
841	Холодильник № 2	53.403189	50.146716
842	Река Сок	53.408997	50.142757
843	Река Сок	53.408607	50.141866
844	пос.Волжский	53.426647	50.121174
845	пос.Волжский	53.425887	50.121828
846	Переезд	53.438736	50.109791
847	Переезд	53.438573	50.109614
848	Cтанция Курумоч	53.465412	50.074886
849	Cтанция Курумоч	53.462313	50.077418
850	Курумоч 1	53.482464	50.044502
851	Курумоч 1	53.481594	50.044974
852	Курумоч 2	53.484397	50.028666
853	Курумоч 2	53.483936	50.028859
854	Поворот на Прибрежный	53.517220	49.849881
855	Поворот на Прибрежный	53.516518	49.850417
856	пос.Винтай	53.516161	49.835805
857	пос.Винтай	53.516454	49.840590
858	Пионерлагерь Орленок	53.514910	49.850954
859	Пионерлагерь Орленок	53.515370	49.851791
860	пос.Прибрежный	53.485493	49.845926
862	Магазин Ровесник	53.250510	50.257398
863	пр. Карла Маркса	53.249921	50.264871
864	ТЭЦ	53.252011	50.272737
865	ТЭЦ	53.251947	50.272273
866	Столовая	53.255653	50.280696
867	Столовая	53.255432	50.279955
868	Ракитовский рынок	53.259464	50.289359
869	Ракитовский рынок	53.259971	50.289831
870	СУМР-1	53.256871	50.298232
871	СУМР-1	53.257102	50.298564
872	ул.Чекистов	53.252539	50.309401
873	Трест № 90	53.251335	50.359000
874	ул.Софьи Перовской	53.251948	50.348679
875	Школа № 98	53.252860	50.338690
876	ул.Мелекесская	53.254898	50.315650
877	ул.Магистральная	53.254400	50.310988
878	ул.Кабельная	53.201953	50.264409
879	Заводское шоссе	53.201984	50.264555
880	Красное озеро	53.199127	50.267611
881	Красное озеро	53.199182	50.267723
882	ул. Софьи Перовской	53.251693	50.347509
883	Трест № 90	53.251341	50.356972
884	ул.Транзитная	53.243810	50.337591
885	ул.Цеховая	53.248073	50.338342
886	Завод Электрощит	53.382954	50.165902
887	Автостанция Аврора	53.189924	50.191008
888	СНТ Василек	53.095042	50.238574
889	Мехзавод	53.299378	50.287347
890	Новосемейкино	53.390423	50.322035
891	Новосемейкино	53.390144	50.320978
892	КДП Новосемейкино	53.402380	50.331980
893	КДП Новосемейкино	53.402470	50.331490
894	Сокский-1	53.421410	50.324950
895	Сокский-1	53.421960	50.324647
896	Подстанция	53.445600	50.258520
897	Подстанция	53.445571	50.258720
898	Дачная 2	53.443350	50.253470
899	Дачная 2	53.443390	50.253291
900	Дачная 3	53.441470	50.249740
901	Дачная 3	53.441385	50.249638
902	Водопроводная	53.440440	50.246480
903	Водопроводная	53.440594	50.246553
904	Дачная 5	53.440505	50.241908
905	Дачная 5	53.440483	50.242128
906	Дачная 6	53.438450	50.243170
907	Дачная 6	53.438593	50.243206
908	Сокские дачи(Яблонька)	53.437060	50.247280
909	1-я дачная	53.401257	50.322718
910	1-я дачная	53.401238	50.322466
911	2-я дачная	53.404255	50.315859
912	2-я дачная	53.404114	50.315894
913	4-я дачная	53.406773	50.307467
914	4-я дачная	53.406640	50.307416
915	Пионерлагерь	53.409212	50.299299
916	Пионерлагерь	53.409092	50.299262
917	5-я дачная	53.410948	50.293785
918	5-я дачная	53.410848	50.293629
919	Старосемейкинские дачи	53.411880	50.288050
920	3-я дачная	53.405486	50.311747
921	3-я дачная	53.405374	50.311656
922	14-й микрорайон	53.254874	50.231590
923	66-й квартал	53.235937	50.262762
924	66-й квартал	53.236236	50.263870
925	ул.Советская	53.234373	50.259313
926	14-й микрорайон	53.255107	50.231657
927	ул.Советская	53.234344	50.259683
928	ул.Волочаевская	53.232100	50.254378
929	ул.Волочаевская	53.231946	50.254490
930	ул.Ставропольская	53.230045	50.250301
931	Чубовский поворот	53.472942	50.404184
932	Чубовский поворот	53.473103	50.402972
933	Красноярские дачи	53.512432	50.492601
934	Сталелитейный завод	53.194166	50.245406
935	Сталелитейный завод	53.194388	50.245615
936	Мясокомбинат	53.188272	50.244649
937	Мясокомбинат	53.188530	50.244985
938	Дрожжевой завод	53.183617	50.241930
939	Дрожжевой завод	53.183550	50.241340
940	пос.Мясокомбинат	53.184051	50.237568
941	пос.Мясокомбинат	53.183945	50.237402
942	ул.Призаводская	53.184675	50.232086
943	ул.Призаводская	53.184466	50.232016
944	Институт Индустройпроект	53.186281	50.231475
945	Березовый овраг(Развилка)	53.063458	50.374573
946	Березовый овраг(Развилка)	53.063375	50.374414
947	49-й километр (Чёрновский массив 1)	53.070985	50.382638
948	49-й километр (Чёрновский массив 1)	53.070481	50.382037
949	47-й километр (Чёрновский массив 2)	53.082293	50.391034
950	47-й километр (Чёрновский массив 2)	53.081680	50.390315
951	46-й километр (Чёрновский массив 3)	53.094462	50.400134
952	46-й километр (Чёрновский массив 3)	53.094372	50.399764
953	45-й километр (Чёрновский массив4)	53.099069	50.403517
954	45-й километр (Чёрновский массив4)	53.098624	50.402943
955	43-й километр(Чёрновский массив 5)	53.115648	50.414653
956	43-й километр (Чёрновский массив 5)	53.115203	50.414133
957	42-й километр	53.125294	50.420001
958	42-й километр	53.124781	50.419460
959	Чёрновский массив	53.129637	50.421670
960	Кислородный завод	53.206157	50.303540
961	Кислородный завод	53.206285	50.303197
962	пос.Чкалова 1	53.208070	50.322281
963	пос.Чкалова 1	53.208212	50.322382
964	пос.Чкалова 2	53.211347	50.327784
965	пос.Чкалова 2	53.211428	50.327602
966	пос.Падовка	53.222185	50.337821
967	Автостанция Вольская	53.224693	50.256293
968	с.Николаевка	53.088152	50.309355
969	с.Николаевка	53.088291	50.309360
970	Троллейбусное депо № 2	53.203483	50.231957
971	Троллейбусное депо № 2	53.203303	50.231593
972	АТП 5	53.238671	50.262805
973	ул.Нефтяников	53.115388	50.084701
974	Поворот на Журавли	52.996048	49.955360
975	СДМ Новая деревня	52.962057	49.891058
976	Воскресенка	53.069415	50.026556
977	Воскресенка	53.069646	50.027077
978	Кряж	53.135542	50.102946
979	ул.Бакинская	53.119245	50.086488
980	Жилгородок	53.438485	50.124583
981	Жилгородок	53.436976	50.124175
982	Радиоцентр	53.456286	50.126879
983	Радиоцентр	53.455392	50.125999
984	Аэропорт Курумоч	53.510385	50.142168
985	Аэропорт Курумоч	53.511305	50.143830
986	пос.Береза	53.515820	50.140121
987	51-й километр	53.044742	50.359587
989	53-й километр	53.040309	50.352458
990	54-й километр	53.039543	50.338140
991	Берёзовский массив	53.035089	50.322234
992	СНТ Берёзовский	53.022550	50.299109
993	51-й километр	53.044690	50.359753
994	53-й километр	53.040197	50.352522
995	54-й километр	53.039434	50.338156
996	Берёзовский массив	53.035011	50.322395
997	Чубовские дачи	53.462789	50.487376
998	Берёзки(Аглосские дачи)	53.011668	50.153316
999	СДМ АГЛОС	53.012943	50.139295
1000	Берёзки	53.014667	50.139424
1001	Аглосские дачи 1	53.013678	50.147592
1002	Аглосские дачи 2	53.012946	50.153085
1003	Яицкий	53.111519	50.165119
1004	Яицкий	53.111893	50.165425
1005	Аглос	53.042851	50.178734
1006	Аглос	53.042696	50.178938
1007	СДТ Конезавод	53.635575	50.723603
1008	ул.Демократическая	53.263839	50.220319
1009	ул.Демократическая	53.263899	50.219681
1010	ул.Тополей	53.262779	50.223431
1011	ул.Тополей	53.262365	50.223613
1012	9-я просека	53.264069	50.210948
1013	9-я просека	53.264961	50.211994
1014	Онкоцентр	53.260334	50.207380
1015	Онкоцентр	53.261033	50.208276
1016	ул.Губанова	53.254645	50.202493
1017	ул.Губанова	53.254247	50.202740
1018	СДМ Новая Орловка	53.622246	50.829017
1019	ул.Ново-Вокзальная	53.249080	50.199113
1020	ул.Ново-Вокзальная	53.249882	50.200444
1021	Школа №149	53.246512	50.194886
1022	Школа №149	53.246929	50.196163
1023	ул.Шверника	53.243668	50.190606
1024	ул.Солнечная	53.240931	50.188947
1025	ул.Ново-Садовая	53.237566	50.190546
1026	ул.Соколова	53.213647	50.141859
1027	Октябрьская набережная	53.215516	50.132267
1028	ул.Осипенко	53.213351	50.128104
1029	5-й километр	53.400060	50.412207
1030	5-й километр	53.400063	50.412041
1031	ул.XXII Партсъезда	53.237813	50.190584
1032	СДТ Водинка	53.417098	50.417344
1033	Домашка	52.981615	50.766824
1034	Домашка	52.981602	50.766202
1035	СНТ Крестьянский	53.031605	50.746332
1036	Бор 1	53.575411	50.086579
1037	Бор 1	53.575405	50.086412
1038	Бор 2	53.578520	50.085018
1039	Бор 2	53.578498	50.084841
1040	ДМ Сосновый Бор	53.591092	50.078546
1041	Белозёрки	53.439303	50.373814
1042	Белозёрки	53.439330	50.373661
1043	Грачёвские дачи	53.598120	50.568620
1044	СДТ Исторический Вал	53.399569	50.461830
1045	6-й километр	53.397980	50.422340
1046	6-й километр	53.398002	50.422552
1047	Газопровод 1	53.399233	50.437862
1048	Газопровод 1	53.399355	50.437908
1049	Газопровод 2	53.404957	50.451858
1050	Газопровод 2	53.405044	50.451745
1051	СДТ Белозёрки	53.422200	50.476770
1052	СПТУ-50	53.303579	50.282718
1053	Падовка	53.266722	50.400971
1054	Падовка	53.267020	50.400880
1055	Спутник	53.260914	50.415348
1056	Спутник	53.261411	50.415235
1057	25-й километр	53.258313	50.428705
1058	25-й километр	53.258866	50.421774
1059	1-я дачная	53.258627	50.437750
1060	1-я дачная	53.258891	50.435593
1061	2-я дачная	53.258897	50.446547
1062	2-я дачная	53.259159	50.446038
1063	3-я дачная (Алексеевские дачи)	53.259569	50.457520
1065	КПП Смышляевка	53.263182	50.384543
1066	КПП Смышляевка	53.263246	50.383953
1067	32-й километр(Советы)	53.261865	50.521317
1068	32-й километр(Советы)	53.262275	50.520759
1069	СДТ Советы	53.264754	50.522749
1070	ул.Физкультурная	53.218000	50.265198
1071	ул.Пензенская	53.193665	50.146719
1072	ул.Дачная	53.194073	50.147945
1073	ул.Владимирская	53.191895	50.142428
1074	ул.Пензенская	53.191646	50.142229
1075	Крымская площадь	53.189266	50.137857
1076	ул.Пензенская	53.189035	50.138050
1077	Ильинская площадь	53.189864	50.115005
1078	Станция метро Московская	53.202762	50.160263
1079	Водинские дачи (КПП)	53.410970	50.460520
1080	СДТ Зелёная Роща (Северный КПП)	53.346498	50.410885
1081	СДТ Зелёная Роща (Северный КПП)	53.346463	50.410745
1082	28-я Рощинская (Пятачок)	53.331798	50.395639
1083	28-я Рощинская (Пятачок)	53.331708	50.395736
1084	СДТ Зеленая Роща (Южный КПП)	53.326242	50.375638
1085	3-я дачная (Алексеевские дачи)	53.259803	50.457263
1086	Тургеневские дачи	53.279498	50.862622
1087	Учхоз Кинель	53.250163	50.649553
1088	Учхоз Кинель	53.250263	50.649623
1089	СДМ Юбилейный	53.180878	50.449082
1090	Студенцы	53.272790	50.611396
1091	Студенцы	53.272857	50.611246
1092	Воинская часть	53.273990	50.627335
1093	Воинская часть	53.274061	50.627276
1094	1-я дачная(Мостик)	53.277183	50.633725
1095	1-я дачная(Мостик)	53.277251	50.633671
1096	2-я дачная	53.280574	50.640934
1097	2-я дачная	53.280661	50.640848
1098	Мельница	53.284416	50.653240
1099	Мельница	53.284493	50.653224
1100	3-я дачная	53.285561	50.668400
1101	3-я дачная	53.285638	50.668378
1102	Насосная станция	53.294963	50.717366
1103	Насосная станция	53.295050	50.717425
1104	пос.Гвардейцы	53.298088	50.770915
1105	СДМ Алакаевский	53.421890	50.744525
1106	СДМ Старая Бинарадка	53.563653	49.970286
1107	ул.Заливная	53.160865	50.075828
1108	ул.Заливная	53.161341	50.075989
1109	ул.Обувная	53.152424	50.068227
1110	ул.Обувная	53.152934	50.068769
1111	Приволжский микрорайон	53.252013	50.221633
1112	Приволжский микрорайон	53.252102	50.222233
1113	Стадион Динамо	53.187786	50.109494
1114	Стадион Динамо	53.187561	50.109473
1115	ул.Ленинградская	53.184086	50.106866
1116	ул.Братьев Коростелевых	53.183867	50.105846
1117	Клуб Дзержинского	53.183594	50.084501
1118	Клуб Дзержинского	53.183752	50.083477
1119	Площадь Дзержинского	53.180113	50.079019
1120	Хлебная площадь	53.177916	50.081267
1121	ул.Водников	53.179917	50.076401
1122	ул.Грозненская	53.102468	50.076921
1123	Расширение	53.097678	50.072716
1124	Расширение	53.097307	50.072190
1125	Барбошина поляна	53.259456	50.216317
1126	Стромилово	53.088815	50.064552
1127	Стромилово	53.088805	50.064681
1128	Стромиловское кладбище/дачи (11-й километр)	53.084312	50.067192
1129	Стромиловские дачи	53.051152	50.066639
1130	Стромиловское кладбище/дачи (11-й километр)	53.084616	50.066913
1131	Преображенка	53.081200	50.121619
1132	Преображенка	53.081123	50.122617
1133	Верхняя Подстёпновка	53.080881	50.089089
1134	Верхняя Подстёпновка	53.080700	50.090334
1135	Поворот на Журавли	52.996002	49.955193
1136	СДМ Журавли (Баки)	52.963367	49.945881
1137	СДМ Журавли (Баки)	52.963395	49.946026
1138	СДМ Журавли (Хоз.двор)	52.951339	49.947522
1139	Радиоцентр	53.085309	50.158285
1140	Радиоцентр	53.085554	50.158435
1141	Октябрьские дачи	53.019717	50.243268
1142	Кряж	53.135362	50.104728
1143	ул.Ново-Садовая	53.216393	50.149700
1144	ул.Антонова-Овсеенко	53.211696	50.212871
1145	ул.Антонова-Овсеенко	53.211292	50.213359
1146	ул.Дыбенко	53.205717	50.213471
1147	ул.Дыбенко	53.206880	50.213729
1148	Администрация Советского района	53.200239	50.213943
1149	Администрация Советского района	53.200110	50.214292
1150	ул.Аэродромная	53.192340	50.211374
1151	ул.Промышленности	53.192166	50.210977
1152	Парк Победы	53.192163	50.206256
1153	Парк Победы	53.192066	50.206042
1154	ул.Энтузиастов	53.191918	50.198252
1155	ул.Энтузиастов	53.191844	50.198177
1156	Дом Молодежи	53.191045	50.179249
1157	15-й А микрорайон	53.249619	50.264935
1158	Универмаг Юность	53.185593	50.099217
1159	ул.Высоцкого	53.186512	50.098602
1160	ул.Самарская	53.185320	50.100531
1161	ул.Молодогвардейская	53.188760	50.098118
1162	ул.Куйбышева	53.190341	50.091435
1163	ул.Кутякова	53.177360	50.074683
1164	ул.Крупской	53.179903	50.076506
1165	Площадь Дзержинского	53.180096	50.079127
1166	ул.Молодогвардейская	53.188679	50.096846
1167	ул.Ленинградская	53.185616	50.100150
1168	6 причал	53.183832	50.076056
1169	ул.Ташкентская	53.249429	50.249872
1170	ул.Свободы	53.238878	50.283716
1171	ул.Свободы	53.238878	50.284735
1172	ул.Олимпийская	53.238203	50.286752
1173	ул.Олимпийская	53.238321	50.287160
1174	Автомагазин	53.212171	50.202377
1175	Автомагазин	53.211811	50.201949
1176	ул. Водников	53.180374	50.076594
1177	ул.Советской Армии	53.195006	50.217625
1178	ул.Советской Армии	53.194438	50.217159
1179	ул.Промышленности	53.202032	50.230121
1181	ул.Ташкентская	53.267356	50.226685
1182	ул.Ташкентская	53.267533	50.226873
1183	ул.Силина	53.264225	50.232988
1184	ул.Силина	53.264286	50.233202
1185	Московское шоссе	53.261152	50.238257
1186	Московское шоссе	53.261332	50.238621
1187	Больница калинина	53.258072	50.243280
1188	Больница калинина	53.258264	50.243644
1189	ул.Лесная	53.255299	50.245829
1190	ул.Лесная	53.255453	50.246236
1191	ул.Стара-Загора	53.248739	50.247264
1192	ул.Стара-Загора	53.248341	50.248025
1193	15-й микрорайон	53.244262	50.252308
1194	пр.Карла Маркса	53.241380	50.255273
1195	пр.Карла Маркса	53.241357	50.255434
1196	ул.Черемшанская	53.238686	50.255300
1197	ул.Черемшанская	53.238757	50.255359
1198	ул.Ставропольская	53.235026	50.259905
1199	пр.Кирова	53.229802	50.248956
1200	пр.Кирова	53.230001	50.249877
1201	ул.Воронежская	53.226895	50.242929
1202	ул.Воронежская	53.227197	50.243957
1203	ул.Ново-вокзальная	53.223606	50.235754
1204	ул.Ново-вокзальная	53.223000	50.234862
1205	Госпиталь ВОВ	53.216754	50.222003
1206	Госпиталь ВОВ	53.217024	50.222495
1217	ул.Дачная	53.194465	50.151415
1218	музей им.П.В.Алабина	53.191887	50.107595
1219	музей им.П.В.Алабина	53.191347	50.108741
1220	ул.Льва Толстого	53.190897	50.101233
1221	ул.Льва Толстого	53.190228	50.101383
1222	ул.Некрасовская	53.188480	50.099626
1223	ул.Ленинградская	53.186156	50.098009
1224	Троицкий рынок	53.184158	50.096690
1225	Троицкий рынок	53.184351	50.097204
1226	ул.Чапаевская	53.184479	50.092620
1227	ул.Чапаевская	53.184557	50.091335
1228	ул.Пионерская	53.182366	50.087740
1229	Хлебная площадь	53.178894	50.080680
1230	Хлебная площадь	53.178553	50.080000
1231	ул.Пионерская	53.182211	50.088132
1232	ул.Венцека	53.184809	50.089717
1233	ул.Галактионовская	53.183446	50.095757
1234	пер.им.Высоцкого	53.186673	50.098713
1235	Дом Молодежи	53.191239	50.178289
1236	ул.Дзержинского	53.191229	50.175054
1237	ул.Дзержинского	53.191107	50.173236
1238	Мебельный комбинат	53.191697	50.168805
1239	Мебельный комбинат	53.191935	50.168016
1240	Техникум легкой промышленности	53.194658	50.162287
1241	Техникум легкой промышленности	53.194516	50.162399
1242	ул.Тухачевского	53.196848	50.157443
1243	ул.Тухачевского	53.196761	50.157298
1244	ул.Чернореченская	53.195143	50.137426
1245	ул.Чернореченская	53.195375	50.137008
1246	Завод Тарасова	53.237675	50.194326
1247	ТЦ Апельсин	53.235890	50.191338
1248	ТЦ Апельсин	53.236070	50.190481
1249	ул.Советской Армии	53.234298	50.186874
1250	ул.Гастелло	53.231226	50.182166
1252	ул.Потапова	53.228394	50.177873
1253	ЦПКиО	53.226692	50.175397
1254	Университет - Глазная больница	53.223267	50.170195
1255	Постников овраг	53.219516	50.163287
1256	ул.Николая Панова	53.218623	50.153969
1257	КРЦ Звезда	53.215401	50.147025
1258	ул.Галактионовская	53.205942	50.123100
1259	Дворец спорта и цирк	53.203182	50.115907
1260	Самарская площадь	53.201237	50.111184
1261	ул.Вилоновская	53.197265	50.105636
1262	ул.Красноармейская	53.193395	50.102970
1265	ул.Фадеева	53.237830	50.215691
1266	ул.Мичурина	53.218833	50.171089
1267	ул.Гая	53.216662	50.174023
1268	Московское шоссе	53.212936	50.178821
1269	Авторемонтный завод	53.210379	50.183020
1270	Дом печати	53.212100	50.188610
1271	ул.Советской Армии	53.213412	50.213816
1274	ул.Советской Армии	53.213425	50.213355
1275	Педуниверситет	53.212627	50.209617
1276	ул.Карбышева	53.212355	50.203246
1277	ул.Ивана Булкина	53.212090	50.194060
1278	Дом печати	53.212152	50.188192
1279	Авторемонтный завод	53.210636	50.183073
1280	Московское шоссе	53.212936	50.179325
1281	ул.Гая	53.216688	50.174484
1282	ул.Мичурина	53.219068	50.170875
1283	Костромской переулок	53.215001	50.290805
1284	Восточный поселок	53.223612	50.287186
1285	Восточный поселок	53.223680	50.287240
1286	ул.Каховская	53.220555	50.265435
1287	станция метро Юнгородок	53.212471	50.283332
1288	станция метро Юнгородок	53.212336	50.283568
1289	ул.Солнечная	53.245729	50.202481
1290	ул.Солнечная	53.245665	50.202486
1291	Детская больница	53.241386	50.198853
1292	Детская больница	53.241493	50.198846
1293	ул.Советской Армии	53.233450	50.185599
1294	Дворец спорта и цирк	53.202794	50.115356
1295	ул.Полевая	53.205788	50.121970
1296	Самарская площадь	53.201187	50.111732
1297	ул.Вилоновская	53.196850	50.105697
1298	ул.Красноармейская	53.193176	50.103238
1299	ул.Чапаевская	53.184263	50.091778
1300	ул.Фрунзе	53.185028	50.090107
1301	пр.Юных Пионеров	53.232384	50.263176
1302	пр.Юных Пионеров	53.232846	50.262940
1303	пр.Металлургов	53.229301	50.267031
1304	пр.Металлургов	53.229070	50.267760
1305	ул.Победы	53.225383	50.272065
1306	ул.Советская	53.225332	50.272472
1307	БТЭЦ	53.193208	50.293449
1308	ул.Ставропольская	53.234602	50.260655
1309	ул.Демократическая	53.267101	50.220879
1310	ул.Георгия Димитрова	53.264060	50.218562
1311	пр.Кирова	53.261405	50.216261
1312	пр.Кирова	53.261405	50.216058
1313	Сквер Мичурина	53.199842	50.130197
1314	ТЦ Аквариум	53.201390	50.135649
1315	ТЦ Аквариум	53.201458	50.135741
1316	ул.Чернореченская	53.197756	50.140036
1317	ул.Клиническая	53.197785	50.140132
1318	Универсам Мичуринский	53.199194	50.145705
1319	Универсам Мичуринский	53.199337	50.145541
1320	ул.Пролетарская	53.201151	50.151357
1321	ул.Пролетарская	53.201175	50.151556
1322	пр.Карла Маркса	53.197885	50.155147
1323	пр.Карла Маркса	53.197950	50.155376
1324	15 микрорайон	53.244714	50.251318
1325	Барбошина поляна	53.258290	50.213366
1326	Барбошина поляна	53.258444	50.213623
1327	ул.22 Партсъезда	53.217306	50.222297
1328	ул.22 Партсъезда	53.217296	50.222104
1329	Школа	53.218975	50.225740
1330	Школа	53.219058	50.226222
1331	ул.Тухачевского	53.195627	50.156225
1333	ул.Пионерская	53.182263	50.089614
1334	Стадион Металлург	53.240764	50.275613
1335	ул.Елизарова	53.227656	50.280496
1336	Средневолжская	53.233814	50.286404
1337	Средневолжская	53.233779	50.286248
1338	ул.Алма-Атинская	53.237590	50.288706
1339	ул.Физкультурная	53.202894	50.231668
1340	22 Партсъезда	53.205163	50.235952
1341	ул.Солнечная	53.246352	50.203818
1342	ул.Солнечная	53.246801	50.203464
1343	Южный город	53.113428	50.163757
1344	ул.Аминева	53.251154	50.207268
1345	ТЦ Пирамида	53.254926	50.210521
1346	ул.Венцека	53.185185	50.089813
1347	ТЦ Мега	53.327059	50.302497
1348	ул.Дмитрия Устинова	53.323437	50.306284
1349	Постников овраг	53.219295	50.166933
1350	Постников овраг	53.219425	50.166914
1351	ул.Тухачевского	53.195767	50.156236
1352	ул.22 Партсъезда	53.216740	50.222248
1353	ул.Аминева	53.251250	50.207237
1354	ТЦ Пирамида	53.255427	50.210844
1355	ТЦ Мегамебель-1	53.187616	50.150595
1356	ТЦ Мегамебель-1	53.187520	50.150391
1358	ул.Владимирская	53.191305	50.141376
1359	Онкоцентр	53.260253	50.209014
1360	ул.Пионерская	53.181925	50.087804
1361	ул.Пионерская	53.181999	50.087708
1362	Хлебная площадь	53.177958	50.081104
1363	Троицкий рынок	53.183739	50.096551
1364	Троицкий рынок	53.184296	50.097114
1365	ул.Водников	53.180385	50.076799
1366	ул. Крупской	53.180556	50.076794
1367	6-й причал	53.183208	50.075512
1368	6-й причал	53.183053	50.075571
1369	пр.Кирова	53.252277	50.224396
1370	Станция метро Московская	53.202819	50.160622
1371	ул.XXII Партсъезда	53.203202	50.238389
1372	ТТЦ Аквариум	53.201372	50.135880
1373	ТТЦ Аквариум	53.201327	50.135778
1374	СЗКС	53.189441	50.276291
1375	СЗКС	53.190533	50.277300
1376	СЗКС	53.193090	50.274603
1377	Красное озеро	53.196916	50.270160
1378	Красное озеро	53.197231	50.270085
1379	ул.Губанова	53.252361	50.207149
1380	ул.Ново-Садовая	53.252467	50.206591
1381	12-й проезд	53.254794	50.195525
1382	12-й проезд	53.254697	50.195653
1383	Пионерлагеря	53.255198	50.193190
1384	Пионерлагеря	53.255102	50.193217
1385	6-й проезд	53.256036	50.188190
1386	6-й проезд	53.255958	50.188147
1387	Санаторий Волга	53.256594	50.184542
1388	Московское шоссе	53.246543	50.211629
1390	АТП ЗАО Агро-Авто	53.181922	50.296242
1391	ТЦ Колизей	53.248589	50.245948
1392	ул. XXII Партсъезда	53.216545	50.222431
1393	ул. Ставропольская	53.216800	50.222555
1394	Автостанция Аврора	53.191225	50.191512
1395	ТРК Московский	53.278170	50.272112
1396	Юнгородок	53.213460	50.290453
1397	ул.Советской Армии	53.194962	50.217280
1398	15-й микрорайон	53.244142	50.252123
1399	ул.Самарская	53.190351	50.103782
1400	ул.Ярмарочная	53.199720	50.111550
1401	Станция метро Победа	53.207133	50.234841
1402	6-й причал	53.183892	50.075893
1404	Губернский рынок (отпр)	53.194298	50.123250
1405	Чайка	53.348282	50.233258
1406	Чайка	53.348545	50.233333
1407	Краснодонская	53.224023	50.253211
1408	Станция 1	53.195716	50.156952
1409	Станция 6 Б	53.259983	50.214990
1410	Станция 6 А	53.259925	50.214979
1411	Станция 6	53.259720	50.215772
1412	Станция 2	53.219779	50.165033
1413	Станция 6 отпр	53.259940	50.214926
1414	Станция 2 отпр	53.219759	50.165140
1415	Станция 6 - отпр	53.259691	50.215831
1416	Московское шоссе	53.242648	50.210638
1417	Московское шоссе	53.242501	50.210691
1418	Университет-Глазная больница	53.223756	50.170642
1419	ЦПКиО	53.227013	50.175547
1420	ул.Гастелло	53.231515	50.182230
1421	ул. Потапова	53.228642	50.178000
1422	кДпеч	53.212468	50.189635
1424	нДпеч	53.212266	50.190686
1425	ГТД	53.198442	50.129177
1426	КТД	53.204564	50.236680
1427	Станция 2 А	53.219772	50.166003
1428	Станция 2 Б	53.219760	50.166158
1431	Аэропорт Курумоч	53.512882	50.156246
1432	АТП5	53.238813	50.262803
1433	АТП4	53.214712	50.205816
1434	МГП	53.114699	50.064593
1435	Рейс	53.262375	50.288815
1436	Автоконсалт	53.128548	50.054454
1437	СамараАвтоГаз	53.238800	50.262980
1438	Билайнер	53.249907	50.266649
1439	СамараАвтоЭкспресс	53.304745	50.292183
1441	КП_ПОСТН	53.219478	50.165401
1442	ул.Дзержинского	53.186028	50.173313
1443	ТЦ Мегастрой	53.183679	50.173016
1444	6-й причал	53.184078	50.076598
1445	Речной вокзал	53.188311	50.081228
1446	Речной вокзал	53.187874	50.080498
1447	ул.Некрасовская	53.190927	50.084999
1448	ул.Некрасовская	53.190831	50.084656
1449	Сиреневый пер.	53.148981	50.140950
1451	ТД3	53.233655	50.203515
1452	ТД2	53.202806	50.232367
1453	ТД1	53.197716	50.126018
1454	СТД	53.233083	50.207970
1455	КРЦ Звезда	53.215450	50.146577
1456	Завод Тарасова	53.238052	50.194733
1457	Постников овраг	53.219609	50.163726
1459	ул. Николая Панова	53.219098	50.154611
1460	Совхоз Кряж (ул.Поселковая)	53.136825	50.155377
1461	ул.Магистральная	53.232098	50.307598
1462	ул. Льва Толстого	53.190655	50.101272
1463	ул. Некрасовская	53.188575	50.099834
1464	ул. Некрасовская	53.188644	50.100092
1465	ул. Льва Толстого	53.190297	50.101240
1466	Дом Дружбы Народов	53.215787	50.253393
1467	18 км	53.275960	50.262151
1468	18 км	53.275710	50.262226
1469	Арсенал	53.192011	50.189359
1470	ТЦ  МЕГА ИКЕЯ	53.324936	50.304129
1471	ТЦ МЕГА Леруа Мерлен	53.324936	50.307391
1472	Кладбище Зубчаниновское	53.274394	50.320832
1473	Площадь им. Кирова	53.219217	50.266882
1474	Кладбище Лесное	53.367248	50.231944
1475	Кладбище Южное	53.081400	50.075769
1476	пос.Управленческий(ДК ""Чайка"")	53.346461	50.225179
1477	Московское шоссе	53.258984	50.232445
1478	ул.Зои Космодемьянской	53.261394	50.229811
1479	ул.Зои Космодемьянской	53.261414	50.229597
1480	ул.Ташкентская	53.265576	50.230257
1481	Барбошина поляна	53.259203	50.212889
1482	ул.Георгия Димитрова	53.264632	50.219077
1483	ул.Демократическая	53.267372	50.221287
1484	Пост ГИБДД	53.144089	50.181745
1485	ТК Амбар	53.138611	50.177776
1486	ТК Амбар	53.137727	50.175759
1487	а/с Приволжский мкр.(высадка)	53.259320	50.223452
1488	Приволжский мкр.(Посадка)	53.258665	50.223446
1489	ул.Осипенко (Ст.м.Алабинская)	53.209269	50.134102
1490	ул.Челюскинцев	53.211755	50.139123
1491	Мехзавод	53.299485	50.285808
1492	СПТУ-50	53.303447	50.282214
1493	ООО Шоссе	53.385513	50.170805
1494	Хлебная площадь	53.179333	50.078425
1495	Хлебная площадь	53.178033	50.079777
1496	Мягкая кровля	53.173205	50.194527
1497	Красный Кряжок	53.132497	50.091348
1498	Мягкая Кровля	53.171662	50.193626
1499	Площадь им.Кирова	53.218836	50.266158
1500	Восточный поселок	53.223678	50.287361
1501	Промзона	53.256433	50.373390
1502	Промзона	53.256022	50.371630
1503	Завод ""Самарский Стройфарфор""	53.266835	50.396964
1504	Завод ""Самарский Стройфарфор""	53.267220	50.396996
1505	30 км (Средняя Алексеевка)	53.262077	50.491380
1506	30 км (Средняя Алексеевка)	53.262388	50.490991
1507	31 км (Нижняя Алексеевка)	53.261361	50.505344
1508	31 км (Нижняя Алексеевка)	53.261747	50.504904
1509	Автомойка	53.267490	50.559409
1510	Автомойка	53.267657	50.559490
1511	Дорожник	53.268172	50.565629
1512	Дорожник	53.268339	50.565501
1513	СХИ	53.269354	50.579588
1514	СХИ	53.269521	50.578118
1515	Поворот СХИ	53.267599	50.586905
1516	Поворот СХИ	53.267830	50.587055
1517	Магазин ""Империя""	53.220023	50.607560
1518	Магазин ""Империя""	53.220184	50.607438
1519	Училище (ПЛ-4)	53.222398	50.609553
1520	Училище (ПЛ-4)	53.222329	50.609214
1521	Магазин ""Бармалей""	53.226194	50.612690
1522	Магазин ""Бармалей""	53.226551	50.612777
1523	ул.Зеленая	53.225461	50.619932
1524	ул.Зеленая	53.225616	50.619921
1525	Школа №10	53.224820	50.624198
1526	Школа №10	53.225077	50.623415
1527	Центральная районная больница	53.226914	50.626584
1528	Центральная районная больница	53.226384	50.625920
1529	Автовокзал	53.228388	50.633842
1530	Автовокзал	53.228500	50.633997
1531	Сбербанк	53.223574	50.632072
1532	Сбербанк	53.223867	50.632490
1533	Площадь (ул.Мира)	53.220943	50.634704
1534	Площадь (ул.Мира)	53.221056	50.634817
1535	Магазин ""Любимый""	53.219979	50.639383
1536	Магазин ""Любимый""	53.220108	50.639566
1537	Магазин ""Товары для дома""	53.218545	50.646427
1538	Магазин ""Товары для дома""	53.218695	50.646206
1539	Райпо (База РПС)	53.217948	50.649340
1540	Райпо (База РПС)	53.217969	50.649982
1541	г.Кинель/юг/(ПМС)	53.221760	50.658632
1542	п.Алексеевка(Верхняя Алексеевка)	53.252855	50.479426
1543	ул.Невская	53.254075	50.483004
1544	ул.Невская	53.254263	50.482752
1545	п.Алексеевка(Верхняя Алексеевка)	53.252783	50.478557
1546	ул.Братьев Володичкиных	53.257347	50.498824
1547	ул.Братьев Володичкиных	53.257012	50.497976
1548	п.Алексеевка(Нижняя Алексеевка)	53.260803	50.502514
1549	п.Алексеевка(Нижняя Алексеевка)	53.260700	50.502107
1550	ул.Чернышевского	53.245014	50.625542
1551	ул.Чернышевского	53.245087	50.625719
1552	ул.Шоссейная	53.240558	50.627570
1553	ул.Шоссейная	53.241241	50.627484
1554	Школа № 3	53.236043	50.629774
1555	Школа № 3	53.236051	50.629989
1556	г.Кинель/север/(Магазин ""Новинка"")	53.231859	50.637633
1557	г.Кинель/север/(Магазин ""Новинка"")	53.231990	50.637606
1558	пос.Новосемейкино,Дачи	53.389407	50.326111
1559	пос.Новосемейкино,Дачи	53.389548	50.326296
1560	пос.Новосемейкино,Радиоцентр	53.385015	50.329514
1561	пос.Новосемейкино,Радиоцентр	53.384995	50.330005
1562	пос.Новосемейкино,ул.Садовая	53.379723	50.339516
1563	пос.Новосемейкино,ул.Садовая	53.380015	50.339688
1564	пос.Новосемейкино,ул.Советская	53.375873	50.346619
1565	пос.Новосемейкино,ул.Советская	53.375943	50.346788
1566	пос.Новосемейкино,ТЦ""Юбилейный""	53.369897	50.353217
1567	пос.Новосемейкино,ТЦ""Юбилейный""	53.370115	50.353212
1568	пос.Новосемейкино,11-й квартал	53.370257	50.365107
1569	5 км	53.378167	50.312397
1570	5 км	53.377731	50.311624
1571	31 км	53.263257	50.502563
1572	1- дачная	53.083253	50.056672
1573	1-дачная	53.083202	50.057359
1574	Кряжское АТХ	53.081720	50.052305
1575	Кряжское АТХ	53.081655	50.053067
1576	2-я дачная	53.076056	50.037167
1577	2-я дачная	53.076153	50.038176
1578	Развилка	53.072638	50.029356
1579	Развилка	53.072715	50.030236
1580	с. Воскресенка	53.070820	50.015699
1581	с. Воскресенка	53.070240	50.018274
1582	6-я дачная	53.075239	49.984864
1583	6-я дачная	53.074981	49.985508
1584	Нефтеперекачка	53.076387	49.975916
1585	Нефтеперекачка	53.076064	49.976603
1586	Автостоянка	53.079346	49.962505
1587	Автостоянка	53.079952	49.961110
1588	ул. Строителей (Кафе ""Южанка"")	53.084231	49.957463
1589	ул. Строителей (Кафе ""Южанка"")	53.083689	49.957484
1592	Магазин ""Сателлит""	53.087537	49.960016
1593	Магазин ""Сателлит""	53.086873	49.958889
1594	Военкомат	53.089411	49.960349
1595	Военкомат	53.089579	49.959233
1596	Музыкальная школа № 1	53.092465	49.958031
1597	ул. Чернышевского (ДЮЦ)	53.095339	49.950693
1598	41-й квартал	53.095029	49.946895
1599	г. Новокуйбышевск, Пригородная автостанция	53.101724	49.942861
1600	41-й квартал	53.094650	49.946830
1601	ул. Гагарина	53.091281	49.949888
1602	ул. Островского	53.090907	49.954780
1603	Автовокзал ""Центральный""	53.214326	50.187658
1604	с.Красный Яр,ДРСУ	53.479697	50.392133
1605	с.Красный Яр,ДРСУ	53.479454	50.391833
1606	с.Красный Яр, Хлебозавод	53.487574	50.389644
1607	с.Красный Яр, Хлебозавод	53.487504	50.389365
1608	с.Красный Яр, автостанция	53.495612	50.391028
1609	Кладбище Южное	53.081023	50.076246
1610	Поворот на Рубежное/Лопатино	53.115062	50.224267
1611	СНТ ""Василек"" (поворот)	53.093381	50.230619
1612	СНТ ""Василек"" (поворот)	53.093465	50.230812
1613	с.Лопатино, ул.Полевая	53.081296	50.231456
1614	с.Лопатино, ул.Полевая	53.081096	50.231735
1615	с.Лопатино, ул.Школьная	53.079175	50.225705
1616	с.Лопатино, ул.Школьная	53.079239	50.226499
1617	с.Лопатино	53.077729	50.217336
1618	п. Стройкерамика	53.269269	50.386442
1619	п. Стройкерамика	53.269872	50.385498
1620	Зверосовхоз	53.285590	50.375155
1621	Зверосовхоз	53.285019	50.375166
1622	Дачи	53.291644	50.371003
1623	Дачи	53.291343	50.370778
1624	п. Петра-Дубрава	53.295378	50.366765
1625	п. Петра-Дубрава (Кошелев-Парк)	53.301764	50.344744
1626	п.Черновский (Совхоз ""Черновский"")	53.184279	50.460259
1627	Путепровод(по треб.)	53.493658	50.118030
1628	Путепровод(по треб.)	53.493786	50.117687
1629	Аэропорт ""Курумоч"" (Терминал № 2)	53.509304	50.145496
1630	п. Берёза	53.516009	50.140486
1631	Молгачи, 1-я остановка	53.531755	50.114458
1632	Молгачи, 1-я остановка	53.531755	50.113921
1633	Молгачи, 2-я остановка	53.542245	50.111067
1634	Молгачи, 2-я остановка	53.541606	50.111024
1635	Молгачи, 3-я остановка	53.555063	50.101068
1636	Молгачи, 3-я остановка	53.554526	50.100746
1637	Бор 3	53.590610	50.077851
1638	д. Сергеевка(по треб.)	53.622451	50.059998
1639	д. Сергеевка(по треб.)	53.622489	50.059075
1640	с. Новый Буян	53.684192	50.044559
1641	3-я Дачная	53.064725	50.023651
1642	Совхоз ""Молодая Гвардия""	53.054468	50.016088
1643	Совсоз ""Молодая Гвардия""	53.056241	50.015685
1644	Радиоцентр	53.451153	50.127087
1645	Радиоцентр	53.451575	50.128632
1646	с.Малая Царевщина	53.458240	50.169015
1647	с.Малая Царевщина	53.456537	50.165110
1648	с.Светлое Поле, Промзона	53.493412	50.258182
1649	с.Светлое Поле, Промзона	53.493092	50.257528
1650	с.Светлое Поле	53.498745	50.262241
1651	с.Светлое Поле	53.498505	50.261613
1652	п.Мирный	53.506998	50.270561
1653	п.Смышляевка,Магазин ""Магнит""	53.254438	50.377594
1654	п.Смышляевка,Магазин ""Магнит""	53.253882	50.378984
1655	п.Смышляевка,ул.Пионерская	53.252458	50.380572
1656	п.Смышляевка,ул.Пионерская	53.252972	50.380298
1657	п.Смышляевка,ул.Первомайская	53.252991	50.393130
1658	п.Смышляевка,ул.Первомайская	53.252682	50.391408
1659	п.Смышляевка,Аптека	53.253286	50.399433
1660	п.Смышляевка,Аптека	53.253119	50.399975
1661	п.Смышляека,Больница	53.247648	50.406916
1662	п.Смышляека,Больница	53.247625	50.407254
1663	п.Смышляевка,Школа	53.243847	50.401021
1664	п.Смышляевка,Школа	53.243851	50.401450
1665	п.Смышляевка,ул.Коммунистическая	53.241126	50.395093
1666	п.Смышляевка,ул.Коммунистическая	53.241097	50.395426
1667	п.Смышляевка(старая конечная)	53.234119	50.387229
1668	п.Смышляевка(старая конечная)	53.234109	50.387470
1669	п.Смышляевка	53.227506	50.378431
1670	с. Курумоч	53.488209	50.028477
1671	Пригородный автовокзал	53.192273	50.122767
1672	Совхоз ""Молодая Гвардия""	53.054403	50.015173
1673	п. Журавли (поворот)	52.996703	49.954544
1674	п. Журавли (поворот)	52.997516	49.956733
1675	п. Молодогвардейский	52.990181	49.934353
1676	п. Молодогвардейский	52.991214	49.938730
1677	Пестравский поворот	52.983806	49.877973
1678	Пестравский поворот	52.982960	49.881363
1679	п. Нагорный	52.997214	49.775587
1680	п. Нагорный	52.997049	49.775941
1681	4-я дачная	52.997152	49.762874
1682	4-я дачная	52.996943	49.760020
1683	3-я дачная	52.996907	49.753888
1684	3-я дачная	52.996755	49.753094
1685	2-я дачная	52.996749	49.747660
1686	2-я дачная	52.996594	49.746475
1687	1-я дачная	52.996523	49.738321
1688	1-я дачная	52.996377	49.737285
1689	СМУ	52.994347	49.723392
1690	СМУ	52.994734	49.724105
1691	ул. Володарского	52.987202	49.715873
1692	ул. Володарского	52.989078	49.718062
1693	Стадион ""Луч""	52.983448	49.711898
1694	ул. Куйбышева	52.979817	49.708047
1695	г. Чапаевск, автостанция	52.976804	49.703401
1696	Комсомольская площадь	52.981300	49.709838
1697	ул. Рабочая	52.985271	49.714044
1698	Нефтебаза	53.144496	49.999731
1699	Нефтебаза	53.145160	50.009956
1700	Пост ГИБДД	53.143138	49.987662
1701	Пост ГИБДД	53.143067	49.988305
1702	Дом отдыха ""Салют""	53.136719	49.972094
1703	Дом отдыха ""Салют""	53.138881	49.978413
1704	Озеро Орлово	53.129904	49.955110
1705	Озеро Орлово	53.129859	49.955861
1706	ЗАО ""НФТП""	53.116457	49.940605
1707	ЗАО ""НФТП""	53.116295	49.942590
1708	ул.Садово-Дачная	53.114851	49.945905
1709	ул.Садово-Дачная	53.114464	49.947471
1710	Гормолокозавод (39-й квартал)	53.108624	49.947718
1711	Гормолокозавод (39-й квартал)	53.108204	49.947922
1712	г. Самара, Автовокзал ""Центральный""	53.215272	50.185257
1713	ул.Ульяновская	53.251365	50.487794
1714	ул.Ульяновская	53.251015	50.487392
1715	ул.Ленина	53.248769	50.484157
1716	ул.Ленина	53.248615	50.484205
1717	Школа №8	53.248229	50.487944
1718	Школа №8	53.248123	50.487730
1719	ул.Советская	53.249049	50.493153
1720	ул.Советская	53.248975	50.492933
1721	ул.Школьная	53.250691	50.493851
1722	ул.Школьная	53.250765	50.493652
1723	ул.Октябрьская	53.254295	50.495487
1724	ул.Октябрьская	53.254331	50.495288
1725	Южный Город	53.107683	50.138179
1726	Южный Город, ул. Преображенская	53.111578	50.141502
1727	Южный Город, ул. Преображенская	53.110966	50.139839
1728	Южный Город, Николаевский пер.	53.113005	50.146792
1729	Южный Город, Николаевский пер.	53.113385	50.144898
1730	Южный Город, ул. Земская	53.115090	50.151987
1731	Южный Город, ул. Земская	53.115000	50.150925
1732	Южный Город, ул. Раздольная	53.116549	50.156837
1733	Южный Город, ул. Раздольная	53.116717	50.156214
1734	Южный Город, Спорткомплекс ""Южный""	53.117175	50.165098
1735	Южный Город, Спорткомплекс ""Южный""	53.117472	50.164679
1736	ст. Соцгород	53.114822	50.060089
1737	Южный Город	53.107424	50.137466
1738	Южный Город	53.107540	50.138815
1739	п.Нур	53.142292	50.594358
1740	п.Нур	53.142530	50.594316
1741	с. Берёзовый Гай	52.892581	50.226542
1742	с. Берёзовый Гай	52.892167	50.227271
1743	с.Спиридоновка, ул.Набережная	53.111695	50.638567
1744	с.Спиридоновка, ул.Набережная	53.111843	50.638781
1745	с.Спиридоновка, ул.Зеленая	53.105824	50.643486
1746	с. Сухая Вязовка	52.885006	50.221794
1747	с.Спиридоновка, ул.Зеленая	53.106024	50.643598
1748	с.Спиридоновка, ул.Рабочая	53.091126	50.649274
1749	с.Спиридоновка, ул.Рабочая	53.091538	50.649494
1750	с. Дубовый Умёт	52.972669	50.274822
1751	с.Спиридоновка, Администрация	53.087568	50.649730
1752	с. Дубовый Умёт	52.972954	50.275809
1753	с.Спиридоновка, Администрация	53.087642	50.649982
1754	с.Спиридоновка,ул.Комарова	53.081322	50.650395
1755	с.Спиридоновка,ул.Комарова	53.081473	50.650637
1756	п. Самарский (поворот)	53.030430	50.219032
1757	п. Самарский (поворот)	53.031773	50.218731
1758	с.Домашка, Почта	52.984793	50.773841
1759	с.Домашка, Почта	52.984955	50.774024
1760	с.Домашка, Школа	52.981173	50.777671
1761	АГЛОС (поворот)	53.054480	50.192081
1762	АГЛОС (поворот)	53.055848	50.191823
1763	п. Придорожный	53.084993	50.158371
1764	п. Придорожный	53.085354	50.158736
1765	Чугунов овраг	53.026129	50.224632
1766	Завод Экран (БТЭЦ)	53.192942	50.293463
1767	с.Черноречье(Совхоз Юбилейный)	53.160358	50.381632
1768	с.Черноречье(Совхоз Юбилейный)	53.160579	50.380688
1769	Совхоз Первомайский	52.983988	50.171560
1770	с.Лопатино	53.624448	50.614263
1771	Конезавод	53.583672	50.657946
1772	с.Хорошенькое	53.540670	50.594147
1773	Кривое Озеро	53.566550	50.519063
1774	Большая Раковка	53.690709	50.621653
1775	ул.Советской Армии	53.206497	50.213088
1776	ул.Карбышева	53.206202	50.203496
1777	ул.Карбышева	53.206149	50.204161
1778	ул.Ивана Булкина	53.205930	50.193594
1779	ул.Ивана Булкина	53.205869	50.194296
1780	ул.Авроры	53.205731	50.190112
1781	ТРК Космопорт	53.206032	50.197547
1782	ТРК Космопорт	53.205971	50.197740
1783	с.Большая Каменка	53.667328	50.510738
1784	с. Екатериновка	53.586103	50.295775
1785	с.Екатеринока	53.586120	50.295539
1786	с.Старый Буян	53.645454	50.243472
1787	с.Старый Буян	53.645581	50.243021
1788	с.Чубовка	53.397863	50.570956
1789	Ледовый дворец ""Кристалл""	53.310916	50.291162
1790	ЖК ""Новая Самара""	53.307278	50.289992
1791	ЖК ""Новая Самара""	53.309281	50.291365
1792	1-й квартал	53.302944	50.287337
1793	п.Подлесный	53.443769	50.528988
1794	п.Подлесный	53.444332	50.528988
1795	ул.Киевская	53.203488	50.149648
1796	6-й причал	53.183467	50.076261
1798	Пионерская	53.184397	50.079361
1799	Венцека	53.187034	50.079739
1800	ул. Некрасовская	53.189815	50.092335
1801	пр.Кирова/Площадь авиаконструктора Ильюшина	53.250639	50.221210
1802	пр.Кирова/Площадь авиаконструктора Ильюшина	53.251452	50.224079
1803	ул.Бубнова	53.252745	50.224686
1804	ул.Бубнова	53.253701	50.227808
1805	ул.Георгия Димитрова	53.255420	50.229031
1806	ул.Георгия Димитрова	53.256190	50.231885
1807	ул.Зои Космодемьянской	53.257604	50.232652
1808	ул.Зои Космодемьянской	53.258249	50.235296
1809	ул.Ташкентская	53.260190	50.236943
1810	ул.Ташкентская	53.259967	50.238067
1811	Больница им. Середавина	53.261266	50.240033
1812	16 км(ул.Дальняя)	53.263665	50.243413
1813	16 км(ул.Дальняя)	53.264218	50.245366
1814	ул.Алма-Атинская	53.270442	50.255901
1815	ул.Алма-Атинская	53.271101	50.258401
1816	Волжское шоссе	53.274359	50.263358
1817	18 км	53.276434	50.267059
1818	18 км	53.275044	50.266083
1819	ТРК ""Московский""	53.278353	50.271329
1820	ТРК ""Московский""	53.277233	50.270525
1821	Гипермаркет ""Castorama""	53.278613	50.274001
1822	ТЦ ""Metro Cash and Carry""	53.279990	50.275385
1823	19 км	53.286537	50.283104
1824	19 км	53.287047	50.284842
1825	ул.Совхозная	53.292907	50.284992
1826	ул.Совхозная	53.293452	50.286672
1827	п.Мехзавод	53.299406	50.287160
1828	п.Мехзавод	53.298434	50.288479
1829	1-й квартал	53.301585	50.287873
1830	1-й квартал	53.303451	50.289359
1831	ул.Банная	53.295775	50.285904
1832	Волжское шоссе	53.275359	50.263503
1833	18 км	53.276383	50.261260
1834	Площадь Сельского хозяйства	53.205791	50.125353
1835	ул.Первомайская-Технический университет	53.207369	50.129263
1836	ул.Первомайская-Технический университет	53.206980	50.127912
1837	ЛуначаскогоК-1	53.203592	50.158765
1838	ЛуначарскогоК-2	53.203650	50.160489
1839	Поселок	53.303118	50.241412
1840	Поселок	53.302111	50.241455
1841	Сорокины Хутора	53.307026	50.237625
1842	ул.Магистральная (пос.Сорокины Хутора)	53.296518	50.245146
1843	ул.Магистральная (пос.Сорокины Хутора)	53.294590	50.245746
1844	ул.Осипенко (Ст.м.Алабинская)	53.209011	50.132090
1845	Южный город(5-я очередь)	53.094059	50.163349
1846	МоскН	53.250775	50.221951
1847	МоскК	53.251499	50.223333
1848	КирН	53.250672	50.223076
1849	КирК	53.251608	50.222219
1850	Стадион	53.273153	50.255324
1851	Стадион	53.272770	50.253754
1852	Клинический госпиталь ""Мать и дитя""	53.292734	50.241527
1853	Клинический госпиталь ""Мать и дитя""	53.292823	50.242010
1854	СДТ Конезавод	53.636085	50.722986
1855	СДТ Конезавод	53.636428	50.722750
1856	Стадион	53.290414	50.233832
1857	Стадион	53.287688	50.234803
1858	Стадион ""Самара-Арена""	53.275808	50.252908
1859	Площадь Революции (Фан-зона)	53.186210	50.087536
1860	Парковка № 1	53.327584	50.301625
1861	ул.Казачья	53.156956	50.090613
1862	ул.Чистое Поле	53.157581	50.078167
1863	ул.Чистое Поле	53.157458	50.080388
1864	ул.Осетинская	53.156737	50.075507
1865	Ул.Ефрема Медведева	53.153305	50.074895
1866	Ул.Ефрема Медведева	53.153524	50.075421
1867	Софийская площадь	53.149833	50.074348
1868	Ул.Виталия Талабаева	53.144357	50.076386
1869	Ул.Виталия Талабаева	53.144673	50.076751
1870	Ул.Александра Солженицына	53.139610	50.077373
1871	Ул.Александра Солженицына	53.139611	50.077923
1872	Аэропорт Курумоч – Терминал № 1	53.513360	50.157453
1873	Автобусный терминал S1 и S7	53.276118	50.254694
1874	Северная парковка стадиона	53.281011	50.243053
1875	гтд	53.199045	50.131726
1876	ул. Галактионовская	53.192148	50.102281
1877	ул. Красноармейская	53.193641	50.103496
1878	ул. Красноармейская	53.193183	50.101878
1879	ул.Галактионовская	53.193227	50.101824
1880	ул.Галактионовская	53.192123	50.102182
1881	Нефтебаза	53.144559	50.002685
1882	СДМ Сухая Самарка	53.145345	50.009433
1883	СДМ Сухая Самарка	53.145206	50.010125
1884	ул.Батайская	53.393886	50.172007
1885	ул.Батайская	53.393729	50.171143
1886	Приволжский мкр.(ул.З.Космодемьянской)	53.260892	50.227470
1887	Магазин Магнит	53.390697	50.170003
1888	Магазин Магнит	53.390729	50.169885
1889	Кр.Глинка(на повороте)	53.385592	50.170197
1890	Автостанция Красная Глинка	53.384637	50.169191
1891	Спорткомплекс	53.347202	50.240216
1892	Спорткомплекс	53.346894	50.240940
1893	КТД	53.204878	50.236498
1894	Бетонная	53.463810	49.555281
1895	Опытный завод	53.464075	49.549874
1896	Площадь Никонова	53.464780	49.536227
1897	Зелёная улица	53.468528	49.537179
1898	Гидротехническая улица	53.470884	49.535398
1899	ТЦ Вертикаль	53.471550	49.532287
1900	улица Макарова	53.472609	49.528135
1901	Вокзальная	53.473641	49.524020
1902	Улица Куйбышева	53.475158	49.513715
1903	Школа № 14	53.477103	49.512068
1904	Посёлок Жигулёвское Море	53.482858	49.514418
1905	УТЭП	53.485703	49.510969
1906	Колхозный рынок	53.486672	49.489028
1907	АТК КуЭСП	53.486720	49.482712
1908	Молокозавод	53.486793	49.475840
1909	Улица Громовой	53.487172	49.470529
1910	Улица Механизаторов	53.487666	49.465347
1911	Спецавтохозяйство	53.511298	49.459682
1912	Национальный торговый банк	53.513329	49.450825
1913	Информцентр	53.514616	49.444206
1914	Политехнический колледж	53.515450	49.439839
1915	Военпроект	53.519322	49.432029
1916	ОАО Волгоцеммаш	53.521814	49.433375
1917	3-я проходная ВЦМ	53.527939	49.436792
1918	Химико-технологический колледж	53.536227	49.441255
1919	Завод СК	53.540364	49.443487
1920	Грузовое автохозяйство	53.543572	49.445268
1921	ТЭЦ	53.548536	49.447886
1922	Куйбышевазот	53.554956	49.451378
1923	Химэнергострой	53.562898	49.455519
1924	ОАО Фосфор	53.567532	49.457963
1925	ОАО Фосфор	53.567373	49.457394
1926	Химэнергострой	53.562889	49.455098
1927	Куйбышевазот	53.555585	49.451171
1928	ТЭЦ	53.548173	49.447180
1929	Грузовое автохозяйство	53.544686	49.445260
1930	Завод СК	53.540014	49.442835
1931	Химико-технологический колледж	53.535877	49.440571
1932	3-я проходная ВЦМ	53.528124	49.436398
1933	ОАО Волгоцеммаш	53.522833	49.433555
1934	Военпроект	53.518854	49.431430
1935	Политехнический колледж	53.514942	49.440217
1936	Информцентр	53.514172	49.444251
1937	Национальный торговый банк	53.512917	49.451150
1938	Спецавтохозяйство	53.511535	49.456697
1939	Улица Механизаторов	53.487602	49.464365
1940	Улица Громовой	53.487019	49.469982
1941	Молокозавод	53.486470	49.478318
1942	АТК КуЭСП	53.486432	49.483688
1943	Колхозный рынок	53.486426	49.490157
1944	УТЭП	53.486317	49.508584
1945	Посёлок Жигулёвское Море	53.483462	49.514115
1946	Поликлиника	53.479307	49.515799
1947	Железнодорожная улица	53.476400	49.522494
1948	Вокзальная	53.473271	49.524533
1949	Улица Макарова	53.471682	49.530455
1950	Гидротехническая улица	53.470445	49.536431
1951	Зелёная улица	53.468322	49.536463
1952	Площадь Никонова	53.464592	49.535851
1953	Опытный завод	53.463859	49.550024
1954	Бетонная	53.463629	49.555625
1955	Новозаводская улица	53.533478	49.436167
1956	Октябрьская улица	53.532472	49.427241
1957	Украинская улица	53.531600	49.419516
1958	Кинотеатр Авангард	53.530645	49.410944
1959	Улица Крупской	53.529745	49.403498
1960	Магазин Автолюбитель	53.529381	49.397795
1961	Многопрофильная больница	53.530457	49.396733
1962	Улица Мичурина	53.535143	49.395344
1963	Улица Льва Толстого	53.539035	49.401331
1964	Гостиница Ставрополь	53.539801	49.408202
1965	Колледж	53.536614	49.410037
1966	Школа № 27	53.533888	49.410912
1967	Техучилище	53.530605	49.413084
1968	Украинская улица	53.531147	49.417880
1969	Октябрьская улица	53.532120	49.426452
1970	Новозаводская улица	53.533046	49.434826
1971	Отделение слвхоза Волгарь	53.146902	49.981939
1972	Отделение совхоза Волгарь	53.146625	49.981842
1973	Водозабор	53.151585	49.979739
1974	Водозабор	53.151489	49.979385
1975	Насосная НХК	53.154039	49.972959
1976	Насосная НХК	53.153131	49.974354
1977	СНТ Ветляное	53.153753	49.970094
1978	СНТ Ветляное	53.153588	49.969708
1979	Школа	53.153753	49.959644
1980	Школа	53.153733	49.960277
1981	Кооператив Лесной	53.156175	49.955938
1982	Кооператив Лесной	53.156123	49.955777
1983	Дачная	53.157920	49.951710
1984	Дачная	53.157849	49.951469
1985	Поселок Гранный	53.158902	49.946888
1986	Поселок Гранный	53.158570	49.946770
1987	ул.Полтавская	53.377631	50.171041
1988	ул.Полтавская	53.375761	50.172157
1989	Клинический госпиталь Мать и Дитя	53.292096	50.239787
1990	Клинический госпиталь Мать и Дитя	53.292205	50.240538
1991	Железнодорожный вокзал	53.187940	50.125883
1992	ул.Новосельская	53.129190	50.236670
1993	ул.Новосельская	53.129344	50.236230
1994	ул.Сергея Лазо	53.346447	50.208373
1995	ул.Сергея Лазо	53.346325	50.208636
1996	Детский образовательный центр	53.239699	50.307748
1997	Детский образовательный центр	53.240033	50.308671
1998	Стадион Самара-Арена/Агропарк Самара	53.274544	50.252935
1999	пос.Мехзавод	53.297715	50.286806
2000	Рощинский	53.053515	50.495785
2001	Просвет	53.016876	50.489101
2002	Просвет	53.017303	50.489036
2003	ул.Самарская	53.013348	50.493521
2004	ул.Самарская	53.013645	50.493800
2005	ул.Садовая	53.012224	50.495044
2006	ул.Садовая	53.012095	50.495538
2007	пос.Управленческий	53.346244	50.221306
2008	СПТУ-50 (ДК)	53.301172	50.283909
2009	Коттеджный поселок Самарский	53.031587	50.226145
2010	поселок Самарский	53.038649	50.243011
2011	ул.Климова	53.299644	50.366089
2012	ул.Климова	53.299516	50.365918
2013	Дубовый Гай	53.308839	50.350313
2014	Дубовый Гай	53.308798	50.350045
2015	Микрорайон Кошелев парк-1	53.312128	50.340678
2016	Микрорайон Кошелев парк-1	53.311724	50.341472
2017	Микрорайон Кошелев парк-2	53.309106	50.337583
2018	Микрорайон Кошелев парк-2	53.310177	50.338130
2019	ул.Академика Дмитрия Козлова	53.303490	50.337143
2020	ул.Академика Дмитрия Козлова	53.305225	50.337765
2021	Школа №7- корпус 2	53.296493	50.331014
2022	Школа №7- корпус 2	53.297164	50.332307
2023	ул.Веры Ершовой	53.295800	50.325768
2024	ул.Веры Ершовой	53.295126	50.326127
2025	ул.Петра Монастырского	53.299304	50.318837
2026	ул.Петра Монастырского	53.298153	50.320183
2027	Квартал Баварская деревня	53.306242	50.312486
2028	Квартал Баварская деревня	53.305408	50.312239
2029	Микрорайон Крутые Ключи	53.309556	50.310264
2030	ул.Владимирская	53.192033	50.141242
2031	ул.Ленинградская	53.183007	50.106288
2032	ул.Воронежская	53.216281	50.256752
2033	Южный город	53.107430	50.139072
2034	ул. Преображенская	53.111352	50.141903
2035	Николаевский пер.	53.112846	50.146972
2036	ул. Земская	53.115022	50.151888
2037	ул. Раздольная	53.116549	50.156678
2038	Спорткомплекс Южный	53.117180	50.164988
2039	Спорткомплекс Южный	53.117432	50.164780
2040	ул. Раздольная	53.116678	50.156335
2041	ул. Земская	53.114962	50.151034
2042	Николаевский переулок	53.113104	50.145158
2043	ул. Преображенская	53.110558	50.140858
2044	ТД1	53.197520	50.126116
2045	Аэропорт-2	53.250876	50.369632
2046	Аэропорт-2	53.250915	50.376896
2047	Аэропорт-2	53.251016	50.369439
2048	Московское шоссе	53.260643	50.239469
2049	Московское шоссе	53.260518	50.239257
2050	ул. Дарвина	53.165039	50.079188
2051	Ростовский пер.	53.160823	50.089767
2052	Ростовский пер.	53.160464	50.089649
2053	Центральная районная больница	53.489820	50.394869
2054	Яхт-клуб ""Азимут""	53.157562	50.072578
2055	Яхт-клуб ""Азимут""	53.157136	50.071934
2056	Красный Яр / Сбербанк	53.495558	50.388786
2057	Поворот на Городцовку	53.504881	50.346211
2058	Поворот на Городцовку	53.503173	50.297779
2059	Поворот на Мирный	53.498650	50.266523
2060	Поворот на Мирный	53.498459	50.267065
2061	Поворот на Городцовку	53.503199	50.298071
2062	Поворот на Городцовку	53.504776	50.346127
2063	Красный Яр	53.495461	50.385936
2064	Центральная районаая больница	53.490053	50.394786
2065	Красноярская ЦРБ	53.489117	50.396841
2066	п.Мирный	53.506728	50.270712
2067	с.Колодинка	53.530547	50.220496
2068	Городцовка-1	53.502994	50.337092
2069	Городцовка-2	53.503681	50.324652
2070	Городцовка-2	53.503548	50.324375
2071	Городцовка-1	53.502873	50.337427
2072	Софийская площадь	53.150996	50.075142
2073	пос.Преображенка	53.085473	50.120816
2074	пос.Преображенка	53.084673	50.120752
2075	2-я дачная	53.081010	50.110903
2076	2-я дачная	53.080868	50.111611
2077	1-я дачная	53.080944	50.098736
2078	1-я дачная	53.080763	50.099659
2079	ул.Высоцкого	53.185644	50.099016
2080	Школа №139	53.243170	50.190530
